Customer ID,Country
13085.0,United Kingdom
13078.0,United Kingdom
15362.0,United Kingdom
18102.0,United Kingdom
12682.0,France
18087.0,United Kingdom
13635.0,United Kingdom
14110.0,United Kingdom
17519.0,United Kingdom
13758.0,United Kingdom
15413.0,United Kingdom
16321.0,Australia
16167.0,United Kingdom
17865.0,United Kingdom
17592.0,United Kingdom
13767.0,United Kingdom
17238.0,United Kingdom
15712.0,United Kingdom
15311.0,United Kingdom
16329.0,United Kingdom
17700.0,United Kingdom
14911.0,EIRE
15998.0,United Kingdom
12931.0,United Kingdom
,United Kingdom
12533.0,Germany
17984.0,United Kingdom
14871.0,United Kingdom
13394.0,United Kingdom
16011.0,United Kingdom
16393.0,United Kingdom
14040.0,United Kingdom
12913.0,United Kingdom
15061.0,United Kingdom
14341.0,United Kingdom
17804.0,United Kingdom
14156.0,EIRE
13599.0,United Kingdom
17063.0,United Kingdom
15719.0,United Kingdom
12490.0,France
15793.0,United Kingdom
17056.0,United Kingdom
13526.0,United Kingdom
14654.0,United Kingdom
17998.0,United Kingdom
17742.0,United Kingdom
15326.0,United Kingdom
14478.0,United Kingdom
15967.0,United Kingdom
17611.0,United Kingdom
15051.0,United Kingdom
13097.0,United Kingdom
13590.0,United Kingdom
15984.0,United Kingdom
16887.0,United Kingdom
12921.0,United Kingdom
14543.0,United Kingdom
15945.0,United Kingdom
18037.0,United Kingdom
15662.0,United Kingdom
15380.0,United Kingdom
13110.0,United Kingdom
12836.0,United Kingdom
15005.0,United Kingdom
16620.0,United Kingdom
12758.0,Portugal
17961.0,United Kingdom
15601.0,United Kingdom
13585.0,United Kingdom
13442.0,United Kingdom
13381.0,United Kingdom
16763.0,United Kingdom
17243.0,United Kingdom
14865.0,United Kingdom
17345.0,United Kingdom
13819.0,United Kingdom
15808.0,United Kingdom
17191.0,United Kingdom
13748.0,United Kingdom
15265.0,United Kingdom
15750.0,United Kingdom
17428.0,United Kingdom
15485.0,United Kingdom
17246.0,United Kingdom
14061.0,United Kingdom
14108.0,United Kingdom
13648.0,United Kingdom
16563.0,United Kingdom
16701.0,United Kingdom
12842.0,United Kingdom
14302.0,United Kingdom
14135.0,United Kingdom
14831.0,United Kingdom
15602.0,United Kingdom
13777.0,United Kingdom
14000.0,United Kingdom
16823.0,United Kingdom
16163.0,United Kingdom
17193.0,United Kingdom
15759.0,United Kingdom
16131.0,United Kingdom
14560.0,United Kingdom
17087.0,United Kingdom
14894.0,United Kingdom
16202.0,United Kingdom
16700.0,United Kingdom
17511.0,United Kingdom
14299.0,United Kingdom
17949.0,United Kingdom
14799.0,United Kingdom
16550.0,United Kingdom
12980.0,United Kingdom
14425.0,United Kingdom
15353.0,United Kingdom
17818.0,United Kingdom
13654.0,United Kingdom
17189.0,United Kingdom
13269.0,United Kingdom
14653.0,United Kingdom
17019.0,United Kingdom
15542.0,United Kingdom
13564.0,United Kingdom
16467.0,United Kingdom
15833.0,United Kingdom
14527.0,United Kingdom
17476.0,United Kingdom
15287.0,United Kingdom
14440.0,United Kingdom
15680.0,United Kingdom
15581.0,United Kingdom
13740.0,United Kingdom
17768.0,United Kingdom
12948.0,United Kingdom
14667.0,United Kingdom
17377.0,United Kingdom
14467.0,United Kingdom
13457.0,United Kingdom
18108.0,United Kingdom
16210.0,United Kingdom
14669.0,United Kingdom
17909.0,United Kingdom
16086.0,United Kingdom
16711.0,United Kingdom
14739.0,United Kingdom
16233.0,United Kingdom
14204.0,United Kingdom
17606.0,United Kingdom
16797.0,United Kingdom
16126.0,United Kingdom
17867.0,United Kingdom
17412.0,United Kingdom
16525.0,United Kingdom
13623.0,United Kingdom
12435.0,Denmark
14549.0,United Kingdom
14106.0,United Kingdom
14980.0,United Kingdom
14396.0,United Kingdom
14122.0,United Kingdom
16987.0,United Kingdom
17809.0,United Kingdom
15917.0,United Kingdom
14987.0,United Kingdom
14080.0,United Kingdom
16200.0,United Kingdom
15794.0,United Kingdom
15523.0,United Kingdom
15615.0,United Kingdom
18001.0,United Kingdom
17841.0,United Kingdom
13089.0,United Kingdom
15989.0,United Kingdom
17660.0,United Kingdom
13313.0,United Kingdom
12437.0,France
14841.0,United Kingdom
14646.0,Netherlands
15482.0,United Kingdom
16156.0,United Kingdom
17716.0,United Kingdom
12779.0,Poland
13611.0,United Kingdom
15255.0,United Kingdom
14771.0,United Kingdom
14838.0,United Kingdom
13979.0,United Kingdom
13800.0,United Kingdom
14483.0,United Kingdom
14915.0,United Kingdom
13753.0,United Kingdom
16301.0,United Kingdom
13931.0,United Kingdom
17035.0,United Kingdom
15194.0,United Kingdom
14347.0,United Kingdom
12934.0,United Kingdom
15291.0,United Kingdom
17209.0,United Kingdom
15658.0,United Kingdom
17314.0,United Kingdom
17155.0,United Kingdom
15965.0,United Kingdom
17322.0,United Kingdom
16159.0,United Kingdom
14051.0,United Kingdom
13993.0,United Kingdom
17411.0,United Kingdom
15768.0,United Kingdom
12835.0,United Kingdom
15179.0,United Kingdom
17069.0,United Kingdom
16918.0,United Kingdom
15466.0,United Kingdom
14159.0,United Kingdom
17940.0,United Kingdom
17581.0,United Kingdom
16168.0,United Kingdom
14606.0,United Kingdom
17287.0,United Kingdom
17913.0,United Kingdom
13416.0,United Kingdom
16779.0,United Kingdom
13895.0,United Kingdom
14057.0,United Kingdom
17017.0,United Kingdom
13208.0,United Kingdom
17465.0,United Kingdom
13468.0,United Kingdom
13485.0,United Kingdom
17271.0,United Kingdom
16139.0,United Kingdom
15953.0,United Kingdom
15856.0,United Kingdom
14967.0,United Kingdom
16497.0,United Kingdom
17764.0,United Kingdom
14905.0,United Kingdom
18229.0,United Kingdom
17293.0,United Kingdom
17853.0,United Kingdom
15550.0,United Kingdom
13531.0,United Kingdom
13786.0,United Kingdom
14952.0,United Kingdom
14031.0,United Kingdom
12937.0,United Kingdom
16612.0,United Kingdom
12949.0,United Kingdom
14958.0,United Kingdom
17329.0,United Kingdom
16736.0,United Kingdom
13001.0,United Kingdom
14644.0,United Kingdom
14898.0,United Kingdom
14662.0,United Kingdom
17414.0,United Kingdom
14755.0,United Kingdom
17576.0,United Kingdom
13037.0,United Kingdom
14710.0,United Kingdom
18168.0,United Kingdom
17679.0,United Kingdom
17851.0,United Kingdom
14750.0,United Kingdom
16791.0,United Kingdom
16558.0,United Kingdom
15884.0,United Kingdom
17343.0,United Kingdom
17372.0,United Kingdom
16003.0,United Kingdom
17432.0,United Kingdom
14713.0,United Kingdom
16722.0,United Kingdom
12577.0,France
12872.0,United Kingdom
15755.0,United Kingdom
14258.0,United Kingdom
14286.0,United Kingdom
13154.0,United Kingdom
14564.0,Channel Islands
13408.0,United Kingdom
16645.0,United Kingdom
12714.0,France
16335.0,United Kingdom
13093.0,United Kingdom
12759.0,Netherlands
13666.0,United Kingdom
17160.0,United Kingdom
13946.0,United Kingdom
14723.0,United Kingdom
14961.0,United Kingdom
14735.0,United Kingdom
18061.0,United Kingdom
15078.0,United Kingdom
17389.0,United Kingdom
16883.0,United Kingdom
13175.0,United Kingdom
17076.0,United Kingdom
13948.0,United Kingdom
18223.0,United Kingdom
16192.0,United Kingdom
15999.0,United Kingdom
15109.0,United Kingdom
14680.0,United Kingdom
18092.0,United Kingdom
16891.0,United Kingdom
13481.0,United Kingdom
13807.0,United Kingdom
14979.0,United Kingdom
16656.0,United Kingdom
16746.0,United Kingdom
17157.0,United Kingdom
15309.0,United Kingdom
16325.0,United Kingdom
16541.0,United Kingdom
16723.0,United Kingdom
16699.0,United Kingdom
16710.0,United Kingdom
12510.0,Spain
13162.0,United Kingdom
15382.0,United Kingdom
13680.0,United Kingdom
12970.0,United Kingdom
17935.0,United Kingdom
17593.0,United Kingdom
17151.0,United Kingdom
16451.0,United Kingdom
17127.0,United Kingdom
13694.0,United Kingdom
14087.0,United Kingdom
13733.0,United Kingdom
18181.0,United Kingdom
13174.0,United Kingdom
13329.0,United Kingdom
17421.0,United Kingdom
16351.0,United Kingdom
15684.0,United Kingdom
17884.0,United Kingdom
15514.0,United Kingdom
13679.0,United Kingdom
18225.0,United Kingdom
12748.0,United Kingdom
13199.0,United Kingdom
13487.0,United Kingdom
17018.0,United Kingdom
18071.0,United Kingdom
16593.0,United Kingdom
14238.0,United Kingdom
15223.0,United Kingdom
13021.0,United Kingdom
17115.0,United Kingdom
17850.0,United Kingdom
14239.0,United Kingdom
13999.0,United Kingdom
13958.0,United Kingdom
13641.0,United Kingdom
15420.0,United Kingdom
12359.0,Cyprus
12820.0,United Kingdom
16410.0,United Kingdom
15240.0,United Kingdom
16158.0,United Kingdom
15484.0,United Kingdom
14709.0,United Kingdom
15057.0,United Kingdom
14867.0,United Kingdom
17642.0,United Kingdom
13813.0,Germany
13589.0,United Kingdom
12417.0,Belgium
17920.0,United Kingdom
12975.0,United Kingdom
16104.0,United Kingdom
17150.0,United Kingdom
16277.0,United Kingdom
17244.0,United Kingdom
15260.0,United Kingdom
12583.0,France
15555.0,United Kingdom
13736.0,United Kingdom
14133.0,United Kingdom
15571.0,United Kingdom
13448.0,United Kingdom
17085.0,United Kingdom
15059.0,United Kingdom
14468.0,United Kingdom
16395.0,United Kingdom
16485.0,United Kingdom
15878.0,United Kingdom
15860.0,United Kingdom
13373.0,United Kingdom
14608.0,United Kingdom
14896.0,United Kingdom
16964.0,United Kingdom
15983.0,United Kingdom
13782.0,United Kingdom
14454.0,United Kingdom
14717.0,United Kingdom
16718.0,United Kingdom
15751.0,United Kingdom
14546.0,United Kingdom
17848.0,United Kingdom
17561.0,United Kingdom
15547.0,United Kingdom
17406.0,United Kingdom
14479.0,United Kingdom
17969.0,United Kingdom
14548.0,United Kingdom
17916.0,United Kingdom
13319.0,United Kingdom
16773.0,United Kingdom
15479.0,United Kingdom
15822.0,United Kingdom
13890.0,United Kingdom
13211.0,United Kingdom
15641.0,United Kingdom
14123.0,United Kingdom
13019.0,United Kingdom
17858.0,United Kingdom
14940.0,United Kingdom
16686.0,United Kingdom
15691.0,United Kingdom
16436.0,United Kingdom
17610.0,United Kingdom
17530.0,United Kingdom
13491.0,United Kingdom
14003.0,United Kingdom
12839.0,United Kingdom
,EIRE
17557.0,United Kingdom
14738.0,United Kingdom
16124.0,United Kingdom
12471.0,Germany
17739.0,United Kingdom
16556.0,United Kingdom
14695.0,United Kingdom
14828.0,United Kingdom
15115.0,United Kingdom
13693.0,United Kingdom
14955.0,United Kingdom
14037.0,United Kingdom
18077.0,United Kingdom
13905.0,United Kingdom
17508.0,Greece
16768.0,United Kingdom
13984.0,United Kingdom
13495.0,United Kingdom
13190.0,United Kingdom
14408.0,United Kingdom
15358.0,United Kingdom
17707.0,United Kingdom
17044.0,United Kingdom
14471.0,United Kingdom
17436.0,United Kingdom
13234.0,United Kingdom
14574.0,United Kingdom
15716.0,United Kingdom
16684.0,United Kingdom
14540.0,United Kingdom
14307.0,United Kingdom
18219.0,United Kingdom
12747.0,United Kingdom
18162.0,United Kingdom
17441.0,United Kingdom
17988.0,United Kingdom
12600.0,Germany
12523.0,France
13206.0,United Kingdom
14512.0,United Kingdom
16353.0,United Kingdom
16018.0,United Kingdom
14670.0,United Kingdom
14590.0,United Kingdom
13070.0,United Kingdom
17457.0,United Kingdom
15421.0,United Kingdom
17990.0,United Kingdom
13148.0,United Kingdom
17364.0,United Kingdom
13042.0,United Kingdom
12443.0,Norway
15694.0,United Kingdom
16717.0,United Kingdom
17231.0,United Kingdom
16702.0,United Kingdom
13267.0,United Kingdom
12540.0,Spain
17270.0,United Kingdom
13393.0,United Kingdom
14113.0,United Kingdom
15369.0,United Kingdom
12358.0,Austria
18259.0,United Kingdom
17047.0,United Kingdom
14136.0,United Kingdom
16735.0,United Kingdom
14215.0,United Kingdom
15971.0,United Kingdom
13382.0,United Kingdom
13025.0,United Kingdom
16013.0,United Kingdom
14558.0,United Kingdom
18002.0,United Kingdom
17854.0,United Kingdom
15079.0,United Kingdom
16029.0,United Kingdom
18271.0,United Kingdom
14290.0,United Kingdom
17268.0,United Kingdom
17067.0,United Kingdom
16560.0,United Kingdom
14861.0,United Kingdom
17371.0,United Kingdom
18145.0,United Kingdom
16400.0,United Kingdom
15093.0,United Kingdom
13643.0,United Kingdom
17852.0,United Kingdom
15456.0,United Kingdom
13571.0,United Kingdom
16732.0,United Kingdom
16940.0,United Kingdom
15162.0,United Kingdom
18203.0,United Kingdom
14494.0,United Kingdom
17978.0,United Kingdom
15031.0,United Kingdom
14085.0,United Kingdom
17230.0,United Kingdom
13410.0,United Kingdom
14063.0,United Kingdom
12785.0,Portugal
13081.0,United Kingdom
14605.0,United Kingdom
14285.0,United Kingdom
16892.0,United Kingdom
13204.0,United Kingdom
15924.0,United Kingdom
15823.0,United Kingdom
13576.0,United Kingdom
17178.0,United Kingdom
13798.0,United Kingdom
18275.0,United Kingdom
13855.0,United Kingdom
15298.0,United Kingdom
15674.0,United Kingdom
14679.0,United Kingdom
16253.0,United Kingdom
13557.0,United Kingdom
16204.0,United Kingdom
15633.0,United Kingdom
15203.0,United Kingdom
13136.0,United Kingdom
15181.0,United Kingdom
17188.0,United Kingdom
13455.0,United Kingdom
13114.0,United Kingdom
13768.0,United Kingdom
14291.0,United Kingdom
12712.0,Germany
14732.0,United Kingdom
13202.0,United Kingdom
16945.0,United Kingdom
12487.0,Sweden
13672.0,United Kingdom
17929.0,United Kingdom
16771.0,United Kingdom
16782.0,United Kingdom
18051.0,United Kingdom
16912.0,United Kingdom
12924.0,United Kingdom
15403.0,United Kingdom
14173.0,United Kingdom
14211.0,United Kingdom
14593.0,United Kingdom
16802.0,United Kingdom
14295.0,United Kingdom
15302.0,United Kingdom
16709.0,United Kingdom
17954.0,United Kingdom
13727.0,United Kingdom
15911.0,United Kingdom
14990.0,United Kingdom
16705.0,United Kingdom
13141.0,United Kingdom
12709.0,Germany
14171.0,United Kingdom
13983.0,United Kingdom
17296.0,United Kingdom
17631.0,United Kingdom
17449.0,United Kingdom
17184.0,United Kingdom
14107.0,United Kingdom
12917.0,United Kingdom
16755.0,United Kingdom
13825.0,United Kingdom
13770.0,United Kingdom
14505.0,United Kingdom
15441.0,United Kingdom
16933.0,United Kingdom
13426.0,United Kingdom
17043.0,United Kingdom
13498.0,United Kingdom
16186.0,United Kingdom
18065.0,United Kingdom
17880.0,United Kingdom
13848.0,United Kingdom
15077.0,United Kingdom
13728.0,United Kingdom
15209.0,United Kingdom
15841.0,United Kingdom
14134.0,United Kingdom
15465.0,United Kingdom
17603.0,United Kingdom
16143.0,United Kingdom
14942.0,United Kingdom
14293.0,United Kingdom
17861.0,United Kingdom
15039.0,United Kingdom
16843.0,United Kingdom
15858.0,United Kingdom
17388.0,United Kingdom
15085.0,United Kingdom
15642.0,United Kingdom
14099.0,United Kingdom
15854.0,United Kingdom
12978.0,United Kingdom
17027.0,United Kingdom
15889.0,United Kingdom
16748.0,United Kingdom
16459.0,United Kingdom
13091.0,United Kingdom
13173.0,United Kingdom
15805.0,United Kingdom
15912.0,United Kingdom
16596.0,United Kingdom
16663.0,United Kingdom
12989.0,United Kingdom
16985.0,United Kingdom
14648.0,United Kingdom
15573.0,United Kingdom
15367.0,United Kingdom
14895.0,United Kingdom
14062.0,United Kingdom
15157.0,United Kingdom
15623.0,United Kingdom
13831.0,United Kingdom
14626.0,United Kingdom
15032.0,United Kingdom
16670.0,United Kingdom
15882.0,United Kingdom
17032.0,United Kingdom
12979.0,United Arab Emirates
15738.0,United Kingdom
14043.0,United Kingdom
17675.0,United Kingdom
15916.0,United Kingdom
16901.0,United Kingdom
12933.0,United Kingdom
14507.0,United Kingdom
17696.0,United Kingdom
18276.0,United Kingdom
14030.0,United Kingdom
14081.0,United Kingdom
17351.0,United Kingdom
16798.0,United Kingdom
17512.0,United Kingdom
13542.0,United Kingdom
16905.0,United Kingdom
15494.0,United Kingdom
14702.0,United Kingdom
17165.0,United Kingdom
16293.0,United Kingdom
15769.0,United Kingdom
18172.0,United Kingdom
18268.0,United Kingdom
14519.0,United Kingdom
14191.0,United Kingdom
13077.0,United Kingdom
14643.0,United Kingdom
12957.0,United Kingdom
14577.0,United Kingdom
17409.0,United Kingdom
16470.0,United Kingdom
16191.0,United Kingdom
17344.0,United Kingdom
16365.0,United Kingdom
13418.0,United Kingdom
12854.0,United Kingdom
15197.0,United Kingdom
13953.0,United Kingdom
14298.0,United Kingdom
16952.0,United Kingdom
13415.0,United Kingdom
13668.0,United Kingdom
14790.0,United Kingdom
17487.0,United Kingdom
17958.0,United Kingdom
17754.0,United Kingdom
15898.0,United Kingdom
14130.0,United Kingdom
17860.0,United Kingdom
12664.0,Finland
16719.0,United Kingdom
16442.0,United Kingdom
13317.0,United Kingdom
15196.0,United Kingdom
15956.0,United Kingdom
15169.0,United Kingdom
14685.0,United Kingdom
15503.0,United Kingdom
13026.0,United Kingdom
15144.0,United Kingdom
12843.0,United Kingdom
14161.0,United Kingdom
17172.0,United Kingdom
16830.0,United Kingdom
16127.0,United Kingdom
17539.0,United Kingdom
15944.0,United Kingdom
17211.0,United Kingdom
14514.0,United Kingdom
17066.0,United Kingdom
15850.0,United Kingdom
17290.0,United Kingdom
13735.0,United Kingdom
12681.0,France
17802.0,United Kingdom
15628.0,United Kingdom
15446.0,United Kingdom
14525.0,United Kingdom
14751.0,United Kingdom
12683.0,France
13087.0,United Kingdom
15562.0,United Kingdom
17819.0,United Kingdom
16409.0,United Kingdom
14277.0,France
14466.0,United Kingdom
16725.0,United Kingdom
17799.0,United Kingdom
17910.0,United Kingdom
16551.0,United Kingdom
15577.0,United Kingdom
12346.0,United Kingdom
12439.0,Cyprus
13462.0,United Kingdom
13872.0,United Kingdom
13013.0,United Kingdom
14977.0,United Kingdom
12472.0,Germany
16769.0,United Kingdom
17075.0,United Kingdom
16190.0,United Kingdom
14032.0,United Kingdom
17825.0,United Kingdom
15329.0,United Kingdom
17908.0,United Kingdom
15534.0,United Kingdom
16327.0,United Kingdom
15920.0,United Kingdom
12613.0,Germany
17318.0,United Kingdom
17965.0,United Kingdom
14401.0,United Kingdom
15188.0,United Kingdom
16019.0,United Kingdom
12926.0,United Kingdom
17623.0,United Kingdom
15015.0,United Kingdom
14796.0,United Kingdom
14042.0,United Kingdom
15867.0,United Kingdom
16805.0,United Kingdom
16125.0,United Kingdom
13591.0,United Kingdom
16280.0,United Kingdom
12920.0,United Kingdom
17866.0,United Kingdom
13577.0,United Kingdom
16064.0,United Kingdom
17416.0,United Kingdom
15640.0,United Kingdom
12992.0,United Kingdom
15672.0,United Kingdom
13000.0,United Kingdom
17012.0,United Kingdom
16098.0,United Kingdom
16554.0,United Kingdom
13004.0,United Kingdom
15838.0,United Kingdom
17572.0,United Kingdom
13902.0,Denmark
17213.0,United Kingdom
17251.0,United Kingdom
16858.0,United Kingdom
17082.0,United Kingdom
14607.0,United Kingdom
17262.0,United Kingdom
18220.0,United Kingdom
17625.0,United Kingdom
17233.0,United Kingdom
17095.0,United Kingdom
16713.0,United Kingdom
12941.0,United Kingdom
17596.0,United Kingdom
15812.0,United Kingdom
14966.0,United Kingdom
15070.0,United Kingdom
18260.0,United Kingdom
16749.0,United Kingdom
13405.0,United Kingdom
17797.0,United Kingdom
13823.0,United Kingdom
15566.0,United Kingdom
13050.0,United Kingdom
13756.0,United Kingdom
17816.0,United Kingdom
16308.0,United Kingdom
15785.0,United Kingdom
14897.0,United Kingdom
15527.0,United Kingdom
17368.0,United Kingdom
15637.0,United Kingdom
15393.0,United Kingdom
18177.0,United Kingdom
13473.0,United Kingdom
16605.0,United Kingdom
12956.0,United Kingdom
12971.0,United Kingdom
13711.0,United Kingdom
15394.0,United Kingdom
14460.0,United Kingdom
14769.0,United Kingdom
15312.0,United Kingdom
17646.0,United Kingdom
13952.0,United Kingdom
15713.0,United Kingdom
16366.0,United Kingdom
18286.0,United Kingdom
17677.0,United Kingdom
13047.0,United Kingdom
14869.0,United Kingdom
16197.0,United Kingdom
13074.0,United Kingdom
13289.0,United Kingdom
16119.0,United Kingdom
13769.0,United Kingdom
15184.0,United Kingdom
15499.0,United Kingdom
12586.0,Italy
18012.0,United Kingdom
13403.0,United Kingdom
14625.0,United Kingdom
17833.0,United Kingdom
15222.0,United Kingdom
13178.0,United Kingdom
14415.0,United Kingdom
16195.0,United Kingdom
17776.0,United Kingdom
16569.0,United Kingdom
17469.0,United Kingdom
14055.0,United Kingdom
17873.0,United Kingdom
15044.0,United Kingdom
14329.0,United Kingdom
17091.0,United Kingdom
16694.0,United Kingdom
15055.0,United Kingdom
18144.0,United Kingdom
13008.0,United Kingdom
13941.0,United Kingdom
14092.0,United Kingdom
12867.0,United Kingdom
16742.0,United Kingdom
15498.0,United Kingdom
17402.0,United Kingdom
18201.0,United Kingdom
13225.0,United Kingdom
17662.0,United Kingdom
15863.0,United Kingdom
18186.0,United Kingdom
13875.0,United Kingdom
12557.0,Spain
13266.0,United Kingdom
14484.0,United Kingdom
18097.0,United Kingdom
13520.0,Switzerland
15862.0,United Kingdom
17612.0,United Kingdom
14422.0,United Kingdom
18006.0,United Kingdom
14095.0,United Kingdom
16908.0,United Kingdom
13427.0,United Kingdom
17103.0,United Kingdom
13203.0,United Kingdom
16439.0,United Kingdom
15270.0,United Kingdom
16150.0,United Kingdom
16661.0,United Kingdom
17400.0,United Kingdom
17526.0,United Kingdom
13039.0,United Kingdom
15428.0,United Kingdom
16720.0,United Kingdom
15879.0,United Kingdom
17638.0,United Kingdom
12708.0,Germany
12826.0,United Kingdom
16772.0,United Kingdom
17927.0,United Kingdom
14083.0,United Kingdom
14555.0,United Kingdom
16296.0,United Kingdom
18036.0,United Kingdom
13921.0,United Kingdom
12455.0,Cyprus
13995.0,United Kingdom
12422.0,Australia
16600.0,United Kingdom
17028.0,United Kingdom
16222.0,United Kingdom
15497.0,United Kingdom
14949.0,United Kingdom
17324.0,United Kingdom
15409.0,United Kingdom
13327.0,United Kingdom
13781.0,United Kingdom
16592.0,United Kingdom
18252.0,United Kingdom
14105.0,United Kingdom
13847.0,United Kingdom
15518.0,United Kingdom
17624.0,United Kingdom
13871.0,United Kingdom
12609.0,Germany
14404.0,United Kingdom
13111.0,United Kingdom
16282.0,United Kingdom
13510.0,United Kingdom
14119.0,United Kingdom
17182.0,United Kingdom
14819.0,United Kingdom
14480.0,United Kingdom
17888.0,United Kingdom
18251.0,United Kingdom
12440.0,Austria
18190.0,United Kingdom
13082.0,United Kingdom
15064.0,United Kingdom
14151.0,United Kingdom
12539.0,Spain
13287.0,United Kingdom
13821.0,United Kingdom
16792.0,United Kingdom
17807.0,United Kingdom
14477.0,United Kingdom
14839.0,United Kingdom
17950.0,United Kingdom
16875.0,United Kingdom
13901.0,United Kingdom
14198.0,United Kingdom
15521.0,United Kingdom
18171.0,United Kingdom
16017.0,United Kingdom
13253.0,United Kingdom
13338.0,United Kingdom
14969.0,United Kingdom
15865.0,United Kingdom
13610.0,United Kingdom
13965.0,United Kingdom
14954.0,United Kingdom
14210.0,United Kingdom
17362.0,United Kingdom
14194.0,United Kingdom
18008.0,United Kingdom
17753.0,United Kingdom
17941.0,United Kingdom
18094.0,United Kingdom
17404.0,Sweden
14541.0,United Kingdom
15266.0,United Kingdom
16641.0,United Kingdom
16862.0,United Kingdom
16888.0,United Kingdom
15874.0,United Kingdom
15100.0,United Kingdom
15324.0,United Kingdom
14465.0,United Kingdom
15152.0,United Kingdom
12678.0,France
16057.0,United Kingdom
12648.0,Germany
15586.0,United Kingdom
14045.0,United Kingdom
13360.0,United Kingdom
15827.0,United Kingdom
13854.0,United Kingdom
16103.0,United Kingdom
15607.0,United Kingdom
16027.0,United Kingdom
14327.0,United Kingdom
18170.0,United Kingdom
14016.0,EIRE
13044.0,United Kingdom
14573.0,United Kingdom
13259.0,United Kingdom
16109.0,United Kingdom
16787.0,United Kingdom
14849.0,United Kingdom
14532.0,United Kingdom
17323.0,United Kingdom
14160.0,United Kingdom
13762.0,United Kingdom
18231.0,United Kingdom
12951.0,United Kingdom
14091.0,United Kingdom
13634.0,United Kingdom
17222.0,United Kingdom
18242.0,United Kingdom
17147.0,United Kingdom
17113.0,United Kingdom
13709.0,United Kingdom
17139.0,United Kingdom
18115.0,United Kingdom
17529.0,United Kingdom
12549.0,USA
12875.0,United Kingdom
17740.0,United Kingdom
15549.0,United Kingdom
14984.0,United Kingdom
12406.0,Denmark
17023.0,United Kingdom
13433.0,United Kingdom
15186.0,United Kingdom
12939.0,United Kingdom
16841.0,United Kingdom
17945.0,United Kingdom
15299.0,United Kingdom
15002.0,United Kingdom
12623.0,Germany
16422.0,United Kingdom
13622.0,United Kingdom
14225.0,United Kingdom
14241.0,United Kingdom
17352.0,United Kingdom
12649.0,Germany
14137.0,United Kingdom
14154.0,United Kingdom
14826.0,United Kingdom
16585.0,United Kingdom
15513.0,United Kingdom
12647.0,Germany
17962.0,United Kingdom
17757.0,United Kingdom
14146.0,United Kingdom
13929.0,United Kingdom
16304.0,United Kingdom
13152.0,United Kingdom
18041.0,United Kingdom
13787.0,United Kingdom
16414.0,United Kingdom
14256.0,United Kingdom
15903.0,United Kingdom
16660.0,United Kingdom
14423.0,United Kingdom
18134.0,United Kingdom
12644.0,Germany
17496.0,United Kingdom
15605.0,United Kingdom
13233.0,United Kingdom
15046.0,United Kingdom
13562.0,United Kingdom
12431.0,Belgium
15359.0,United Kingdom
18106.0,United Kingdom
17681.0,United Kingdom
12755.0,Japan
12789.0,Netherlands
15771.0,United Kingdom
16452.0,United Kingdom
14324.0,United Kingdom
17871.0,United Kingdom
12631.0,Finland
17227.0,United Kingdom
12860.0,United Kingdom
17454.0,United Kingdom
15224.0,United Kingdom
12813.0,Netherlands
15489.0,United Kingdom
14451.0,United Kingdom
14421.0,United Kingdom
17801.0,United Kingdom
16595.0,United Kingdom
13907.0,United Kingdom
16510.0,United Kingdom
14420.0,United Kingdom
16524.0,United Kingdom
16166.0,United Kingdom
16434.0,United Kingdom
13869.0,United Kingdom
13616.0,United Kingdom
17591.0,United Kingdom
14892.0,United Kingdom
12877.0,United Kingdom
14441.0,United Kingdom
14754.0,United Kingdom
15747.0,United Kingdom
15795.0,United Kingdom
18057.0,United Kingdom
14461.0,United Kingdom
14442.0,Channel Islands
17966.0,United Kingdom
15164.0,United Kingdom
17048.0,United Kingdom
17773.0,United Kingdom
16954.0,United Kingdom
15375.0,United Kingdom
14343.0,United Kingdom
15697.0,United Kingdom
16867.0,United Kingdom
16287.0,United Kingdom
15198.0,United Kingdom
13877.0,United Kingdom
12470.0,Unspecified
17769.0,United Kingdom
17706.0,United Kingdom
14715.0,United Kingdom
12589.0,France
16087.0,United Kingdom
14472.0,United Kingdom
13555.0,United Kingdom
12733.0,USA
14413.0,United Kingdom
13315.0,United Kingdom
17245.0,United Kingdom
17307.0,United Kingdom
17963.0,United Kingdom
14983.0,United Kingdom
13397.0,United Kingdom
12987.0,United Kingdom
13027.0,United Kingdom
16727.0,United Kingdom
14556.0,United Kingdom
14388.0,United Kingdom
17220.0,United Kingdom
17356.0,United Kingdom
17794.0,United Kingdom
15191.0,United Kingdom
14649.0,United Kingdom
14595.0,United Kingdom
16085.0,United Kingdom
13982.0,United Kingdom
17875.0,United Kingdom
16634.0,United Kingdom
14207.0,United Kingdom
15095.0,United Kingdom
12986.0,United Kingdom
14431.0,United Kingdom
14530.0,United Kingdom
14320.0,United Kingdom
14714.0,United Kingdom
15910.0,United Kingdom
13527.0,United Kingdom
15885.0,United Kingdom
14064.0,United Kingdom
15296.0,United Kingdom
14439.0,Greece
13543.0,United Kingdom
15682.0,United Kingdom
17320.0,United Kingdom
15126.0,United Kingdom
17180.0,United Kingdom
13413.0,United Kingdom
13192.0,United Kingdom
14854.0,United Kingdom
14209.0,United Kingdom
14274.0,United Kingdom
17460.0,United Kingdom
12531.0,Germany
16822.0,United Kingdom
13889.0,United Kingdom
14640.0,United Kingdom
14837.0,United Kingdom
17242.0,United Kingdom
17618.0,United Kingdom
17335.0,United Kingdom
17780.0,United Kingdom
16950.0,United Kingdom
12916.0,United Kingdom
13036.0,United Kingdom
14879.0,United Kingdom
12703.0,Germany
13249.0,United Kingdom
15727.0,United Kingdom
15711.0,United Kingdom
14701.0,United Kingdom
16255.0,United Kingdom
14070.0,United Kingdom
17071.0,United Kingdom
16523.0,United Kingdom
14522.0,United Kingdom
17141.0,United Kingdom
13209.0,United Kingdom
15696.0,United Kingdom
13729.0,United Kingdom
14044.0,United Kingdom
17142.0,United Kingdom
16206.0,United Kingdom
15434.0,United Kingdom
15483.0,United Kingdom
14986.0,United Kingdom
17584.0,United Kingdom
14870.0,United Kingdom
14621.0,United Kingdom
15303.0,United Kingdom
13488.0,United Kingdom
17810.0,United Kingdom
18199.0,United Kingdom
13477.0,United Kingdom
16795.0,United Kingdom
17419.0,United Kingdom
16004.0,United Kingdom
14628.0,United Kingdom
15611.0,United Kingdom
14376.0,United Kingdom
12857.0,United Kingdom
14538.0,United Kingdom
17218.0,United Kingdom
13650.0,United Kingdom
15259.0,United Kingdom
13971.0,United Kingdom
12468.0,Germany
15218.0,United Kingdom
15950.0,United Kingdom
17536.0,United Kingdom
15003.0,United Kingdom
16481.0,United Kingdom
13459.0,United Kingdom
16281.0,United Kingdom
12905.0,United Kingdom
12361.0,Belgium
17059.0,United Kingdom
15845.0,United Kingdom
17050.0,United Kingdom
17726.0,United Kingdom
13514.0,United Kingdom
15766.0,United Kingdom
15959.0,United Kingdom
12745.0,EIRE
12606.0,Spain
12404.0,Finland
12466.0,France
16291.0,Portugal
12555.0,Spain
14912.0,Italy
12846.0,United Kingdom
16047.0,EIRE
14380.0,United Kingdom
14079.0,United Kingdom
17672.0,United Kingdom
15702.0,Nigeria
12570.0,Spain
15073.0,United Kingdom
13698.0,United Kingdom
16051.0,United Kingdom
14365.0,United Kingdom
12873.0,United Kingdom
15695.0,United Kingdom
15798.0,United Kingdom
14551.0,United Kingdom
12869.0,United Kingdom
17604.0,United Kingdom
15389.0,United Kingdom
16430.0,United Kingdom
13048.0,United Kingdom
15797.0,United Kingdom
16320.0,Unspecified
13101.0,United Kingdom
18016.0,United Kingdom
14167.0,United Kingdom
14279.0,United Kingdom
12484.0,Spain
17695.0,United Kingdom
17982.0,United Kingdom
14672.0,United Kingdom
15563.0,United Kingdom
13820.0,United Kingdom
14613.0,United Kingdom
16326.0,United Kingdom
15544.0,United Kingdom
16137.0,United Kingdom
18194.0,United Kingdom
13615.0,United Kingdom
15137.0,United Kingdom
17905.0,United Kingdom
15861.0,United Kingdom
15192.0,United Kingdom
14469.0,United Kingdom
13851.0,United Kingdom
15487.0,United Kingdom
13480.0,United Kingdom
15251.0,United Kingdom
12823.0,United Kingdom
13583.0,United Kingdom
14249.0,United Kingdom
16673.0,United Kingdom
16390.0,United Kingdom
14068.0,United Kingdom
15943.0,United Kingdom
16923.0,United Kingdom
16955.0,United Kingdom
15013.0,United Kingdom
15588.0,United Kingdom
17137.0,United Kingdom
14481.0,United Kingdom
16014.0,United Kingdom
14820.0,United Kingdom
15385.0,United Kingdom
12483.0,Sweden
13443.0,United Kingdom
13392.0,United Kingdom
14306.0,United Kingdom
13897.0,United Kingdom
15338.0,United Kingdom
18212.0,United Kingdom
16655.0,United Kingdom
12668.0,Germany
17107.0,United Kingdom
17176.0,United Kingdom
13478.0,United Kingdom
14637.0,United Kingdom
15317.0,United Kingdom
15022.0,United Kingdom
14370.0,United Kingdom
12810.0,Japan
14047.0,United Kingdom
12800.0,Portugal
12711.0,Germany
15416.0,United Kingdom
17365.0,United Kingdom
13511.0,United Kingdom
16415.0,United Kingdom
15512.0,United Kingdom
14821.0,United Kingdom
13156.0,United Kingdom
17361.0,United Kingdom
13628.0,United Kingdom
15480.0,Malta
18064.0,United Kingdom
17350.0,United Kingdom
15564.0,United Kingdom
15803.0,United Kingdom
13584.0,United Kingdom
17146.0,United Kingdom
13916.0,United Kingdom
15279.0,United Kingdom
18175.0,United Kingdom
17163.0,United Kingdom
16300.0,United Kingdom
12848.0,United Kingdom
13538.0,United Kingdom
17876.0,United Kingdom
13975.0,United Kingdom
,Bahrain
17092.0,United Kingdom
16067.0,United Kingdom
12805.0,Netherlands
15321.0,United Kingdom
15091.0,United Kingdom
13553.0,United Kingdom
16928.0,United Kingdom
13757.0,United Kingdom
17311.0,United Kingdom
16840.0,United Kingdom
16081.0,United Kingdom
14399.0,United Kingdom
12396.0,RSA
15448.0,United Kingdom
18101.0,United Kingdom
13619.0,United Kingdom
16834.0,United Kingdom
17690.0,United Kingdom
12840.0,United Kingdom
14545.0,United Kingdom
15023.0,United Kingdom
14038.0,United Kingdom
15591.0,United Kingdom
14497.0,United Kingdom
15732.0,United Kingdom
13107.0,United Kingdom
12373.0,Austria
16583.0,United Kingdom
17281.0,United Kingdom
16383.0,United Kingdom
16412.0,United Kingdom
13783.0,United Kingdom
15167.0,United Kingdom
17138.0,United Kingdom
16986.0,United Kingdom
12500.0,Germany
17309.0,United Kingdom
16266.0,United Kingdom
15365.0,United Kingdom
17328.0,United Kingdom
15810.0,United Kingdom
13874.0,United Kingdom
18267.0,United Kingdom
12853.0,United Kingdom
13009.0,United Kingdom
16147.0,United Kingdom
13658.0,United Kingdom
16704.0,United Kingdom
15784.0,United Kingdom
14682.0,United Kingdom
15660.0,United Kingdom
13700.0,United Kingdom
16714.0,United Kingdom
15580.0,United Kingdom
15422.0,United Kingdom
15584.0,United Kingdom
16788.0,United Kingdom
16225.0,United Kingdom
12402.0,Belgium
14562.0,United Kingdom
17550.0,United Kingdom
16082.0,United Kingdom
16212.0,United Kingdom
17342.0,United Kingdom
17504.0,United Kingdom
14227.0,United Kingdom
13497.0,United Kingdom
16161.0,United Kingdom
13870.0,United Kingdom
16246.0,United Kingdom
,United Arab Emirates
13417.0,United Kingdom
13304.0,United Kingdom
13834.0,United Kingdom
14884.0,United Kingdom
18070.0,United Kingdom
16078.0,United Kingdom
15339.0,United Kingdom
16781.0,United Kingdom
17514.0,United Kingdom
17294.0,United Kingdom
17647.0,United Kingdom
12524.0,Germany
12665.0,Germany
17319.0,United Kingdom
17774.0,United Kingdom
15892.0,United Kingdom
13119.0,United Kingdom
12370.0,Austria
13131.0,United Kingdom
14609.0,United Kingdom
17577.0,United Kingdom
15082.0,United Kingdom
12645.0,Germany
17083.0,United Kingdom
12621.0,Germany
13293.0,United Kingdom
16344.0,United Kingdom
17731.0,United Kingdom
13976.0,United Kingdom
13242.0,United Kingdom
16419.0,United Kingdom
13985.0,United Kingdom
16873.0,United Kingdom
12663.0,Germany
16530.0,United Kingdom
13092.0,United Kingdom
12932.0,United Kingdom
18058.0,United Kingdom
15176.0,United Kingdom
13164.0,United Kingdom
12776.0,Portugal
17201.0,United Kingdom
17575.0,United Kingdom
12474.0,Germany
16577.0,United Kingdom
12670.0,France
15765.0,United Kingdom
12567.0,France
14115.0,United Kingdom
14072.0,United Kingdom
16992.0,United Kingdom
14301.0,United Kingdom
17685.0,United Kingdom
12677.0,France
13696.0,United Kingdom
14190.0,United Kingdom
15244.0,United Kingdom
13288.0,United Kingdom
13551.0,United Kingdom
16839.0,United Kingdom
15807.0,United Kingdom
16978.0,United Kingdom
13629.0,United Kingdom
13291.0,United Kingdom
16553.0,United Kingdom
13815.0,Germany
16895.0,United Kingdom
15293.0,United Kingdom
15504.0,United Kingdom
12695.0,France
13223.0,United Kingdom
17226.0,United Kingdom
17547.0,United Kingdom
15278.0,United Kingdom
15288.0,United Kingdom
12976.0,United Kingdom
17258.0,United Kingdom
17955.0,United Kingdom
17029.0,United Kingdom
15372.0,United Kingdom
13446.0,United Kingdom
16608.0,United Kingdom
15561.0,United Kingdom
17108.0,United Kingdom
15425.0,United Kingdom
15538.0,United Kingdom
16136.0,United Kingdom
13587.0,United Kingdom
14970.0,United Kingdom
15272.0,United Kingdom
17285.0,United Kingdom
13421.0,United Kingdom
17340.0,United Kingdom
16838.0,United Kingdom
15964.0,United Kingdom
14909.0,United Kingdom
18179.0,United Kingdom
14943.0,United Kingdom
12426.0,Germany
12391.0,Cyprus
14282.0,United Kingdom
12380.0,Belgium
16330.0,United Kingdom
17136.0,United Kingdom
15371.0,United Kingdom
16544.0,United Kingdom
16860.0,United Kingdom
17241.0,United Kingdom
17442.0,United Kingdom
17644.0,United Kingdom
15323.0,United Kingdom
13802.0,United Kingdom
14369.0,United Kingdom
16359.0,United Kingdom
14989.0,United Kingdom
16584.0,United Kingdom
13407.0,United Kingdom
17171.0,United Kingdom
14639.0,United Kingdom
17778.0,United Kingdom
17789.0,United Kingdom
15325.0,United Kingdom
12960.0,United Kingdom
13503.0,United Kingdom
12972.0,United Kingdom
17931.0,United Kingdom
13842.0,United Kingdom
16911.0,United Kingdom
16774.0,United Kingdom
14944.0,United Kingdom
13659.0,United Kingdom
18285.0,United Kingdom
14244.0,United Kingdom
17560.0,United Kingdom
13613.0,United Kingdom
14276.0,United Kingdom
17426.0,United Kingdom
14584.0,United Kingdom
16447.0,United Kingdom
16938.0,United Kingdom
18218.0,United Kingdom
14322.0,United Kingdom
14495.0,United Kingdom
14890.0,United Kingdom
13773.0,United Kingdom
13020.0,United Kingdom
12993.0,United Kingdom
13431.0,United Kingdom
12898.0,United Kingdom
16170.0,United Kingdom
13579.0,United Kingdom
14152.0,United Kingdom
18178.0,United Kingdom
17763.0,United Kingdom
12891.0,United Kingdom
15693.0,United Kingdom
17721.0,United Kingdom
18153.0,United Kingdom
14783.0,United Kingdom
18257.0,United Kingdom
15306.0,United Kingdom
16487.0,United Kingdom
14686.0,United Kingdom
13333.0,United Kingdom
13957.0,United Kingdom
16574.0,United Kingdom
13604.0,United Kingdom
17145.0,United Kingdom
13662.0,United Kingdom
13552.0,United Kingdom
13191.0,United Kingdom
18283.0,United Kingdom
12416.0,Australia
13761.0,United Kingdom
14878.0,United Kingdom
15988.0,United Kingdom
15182.0,United Kingdom
16693.0,United Kingdom
15774.0,United Kingdom
16948.0,United Kingdom
13980.0,United Kingdom
17332.0,United Kingdom
15928.0,United Kingdom
12945.0,United Kingdom
16450.0,United Kingdom
14602.0,United Kingdom
16273.0,United Kingdom
13540.0,United Kingdom
12360.0,Austria
13434.0,United Kingdom
12389.0,Australia
16619.0,United Kingdom
14997.0,United Kingdom
17439.0,United Kingdom
13217.0,United Kingdom
17195.0,United Kingdom
17081.0,United Kingdom
15754.0,United Kingdom
17259.0,United Kingdom
15673.0,United Kingdom
16071.0,United Kingdom
13340.0,United Kingdom
17829.0,United Arab Emirates
13513.0,United Kingdom
12727.0,France
17667.0,United Kingdom
13330.0,United Kingdom
15493.0,United Kingdom
16416.0,United Kingdom
13052.0,United Kingdom
14726.0,United Kingdom
15295.0,United Kingdom
13772.0,United Kingdom
15241.0,United Kingdom
14112.0,United Kingdom
13490.0,United Kingdom
15955.0,United Kingdom
14681.0,United Kingdom
15290.0,United Kingdom
16388.0,United Kingdom
12482.0,Sweden
16406.0,United Kingdom
12998.0,United Kingdom
15439.0,United Kingdom
14284.0,United Kingdom
12909.0,United Kingdom
15659.0,United Kingdom
13765.0,United Kingdom
15058.0,United Kingdom
16208.0,United Kingdom
13944.0,United Kingdom
14535.0,United Kingdom
13469.0,United Kingdom
13104.0,United Kingdom
17358.0,United Kingdom
16118.0,United Kingdom
14006.0,United Kingdom
16471.0,United Kingdom
14740.0,United Kingdom
18009.0,United Kingdom
17863.0,United Kingdom
13334.0,United Kingdom
13771.0,United Kingdom
13240.0,United Kingdom
14402.0,United Kingdom
17200.0,United Kingdom
13935.0,United Kingdom
16677.0,United Kingdom
17534.0,United Kingdom
13652.0,United Kingdom
14770.0,United Kingdom
17207.0,United Kingdom
17883.0,United Kingdom
17011.0,United Kingdom
15366.0,United Kingdom
16631.0,United Kingdom
15124.0,United Kingdom
13598.0,United Kingdom
14177.0,United Kingdom
16913.0,United Kingdom
14459.0,United Kingdom
15477.0,United Kingdom
15569.0,United Kingdom
15149.0,United Kingdom
14807.0,United Kingdom
18046.0,United Kingdom
17760.0,United Kingdom
15990.0,United Kingdom
15664.0,United Kingdom
13883.0,United Kingdom
16939.0,United Kingdom
13561.0,United Kingdom
16283.0,United Kingdom
17373.0,United Kingdom
18069.0,United Kingdom
14798.0,United Kingdom
12598.0,France
13010.0,United Kingdom
15219.0,United Kingdom
14131.0,United Kingdom
16511.0,United Kingdom
16037.0,United Kingdom
13018.0,United Kingdom
17305.0,United Kingdom
16521.0,United Kingdom
16519.0,United Kingdom
17359.0,United Kingdom
16731.0,United Kingdom
14257.0,United Kingdom
15603.0,United Kingdom
17116.0,United Kingdom
13911.0,United Kingdom
17330.0,United Kingdom
12731.0,France
16946.0,United Kingdom
17477.0,United Kingdom
13797.0,United Kingdom
13126.0,United Kingdom
14818.0,United Kingdom
15927.0,United Kingdom
16960.0,United Kingdom
12525.0,France
16177.0,United Kingdom
12809.0,Portugal
15606.0,United Kingdom
13593.0,United Kingdom
16520.0,United Kingdom
13793.0,United Kingdom
13663.0,United Kingdom
16947.0,United Kingdom
16099.0,United Kingdom
18148.0,United Kingdom
17020.0,United Kingdom
13873.0,United Kingdom
13294.0,United Kingdom
12594.0,Italy
16461.0,United Kingdom
16636.0,United Kingdom
13214.0,United Kingdom
13722.0,United Kingdom
13595.0,United Kingdom
14142.0,United Kingdom
18152.0,United Kingdom
16285.0,United Kingdom
14157.0,United Kingdom
15875.0,United Kingdom
13835.0,United Kingdom
12431.0,Australia
13377.0,United Kingdom
17049.0,United Kingdom
15622.0,United Kingdom
17930.0,United Kingdom
15084.0,United Kingdom
14097.0,United Kingdom
18151.0,United Kingdom
13879.0,United Kingdom
17663.0,United Kingdom
16859.0,United Kingdom
18272.0,United Kingdom
17847.0,United Kingdom
14018.0,United Kingdom
14426.0,United Kingdom
13881.0,United Kingdom
17159.0,United Kingdom
16096.0,United Kingdom
14748.0,United Kingdom
15030.0,United Kingdom
17448.0,United Kingdom
12371.0,Switzerland
17718.0,United Kingdom
12399.0,Belgium
13280.0,United Kingdom
12568.0,Germany
13476.0,United Kingdom
12497.0,Germany
18226.0,United Kingdom
14957.0,United Kingdom
14186.0,United Kingdom
13544.0,United Kingdom
13515.0,United Kingdom
15094.0,United Kingdom
17190.0,United Kingdom
17006.0,United Kingdom
15630.0,United Kingdom
15978.0,United Kingdom
14852.0,United Kingdom
15929.0,United Kingdom
14233.0,United Kingdom
13799.0,United Kingdom
16331.0,United Kingdom
14172.0,United Kingdom
13201.0,United Kingdom
13508.0,United Kingdom
16271.0,United Kingdom
15443.0,United Kingdom
14205.0,United Kingdom
14877.0,United Kingdom
18253.0,United Kingdom
13764.0,United Kingdom
17236.0,United Kingdom
17589.0,United Kingdom
17734.0,United Kingdom
13276.0,United Kingdom
16466.0,United Kingdom
12530.0,Germany
15631.0,United Kingdom
18029.0,United Kingdom
16984.0,United Kingdom
16310.0,United Kingdom
16534.0,United Kingdom
17158.0,United Kingdom
12369.0,Austria
14493.0,United Kingdom
15847.0,United Kingdom
17298.0,United Kingdom
15791.0,United Kingdom
12765.0,Netherlands
17682.0,United Kingdom
12825.0,United Kingdom
17325.0,United Kingdom
16754.0,United Kingdom
13157.0,United Kingdom
17542.0,United Kingdom
17857.0,United Kingdom
12514.0,Italy
17960.0,United Kingdom
16628.0,United Kingdom
17289.0,United Kingdom
17025.0,United Kingdom
16537.0,United Kingdom
17488.0,United Kingdom
16681.0,United Kingdom
13454.0,United Kingdom
16275.0,United Kingdom
16568.0,United Kingdom
18245.0,United Kingdom
17002.0,United Kingdom
17438.0,United Kingdom
15250.0,United Kingdom
16182.0,United Kingdom
17266.0,United Kingdom
15437.0,United Kingdom
12495.0,Sweden
15921.0,United Kingdom
18039.0,United Kingdom
17907.0,United Kingdom
14147.0,United Kingdom
13627.0,United Kingdom
16854.0,United Kingdom
13283.0,United Kingdom
15722.0,United Kingdom
16707.0,United Kingdom
16756.0,United Kingdom
12542.0,Spain
14676.0,United Kingdom
13316.0,United Kingdom
12638.0,Sweden
13484.0,United Kingdom
16846.0,United Kingdom
17348.0,United Kingdom
13566.0,United Kingdom
14924.0,United Kingdom
14403.0,United Kingdom
16258.0,United Kingdom
13305.0,United Kingdom
15558.0,United Kingdom
16611.0,United Kingdom
17338.0,United Kingdom
14060.0,United Kingdom
12954.0,United Kingdom
16387.0,United Kingdom
13715.0,United Kingdom
14745.0,United Kingdom
15221.0,United Kingdom
15008.0,United Kingdom
17065.0,United Kingdom
17228.0,United Kingdom
17588.0,United Kingdom
16347.0,United Kingdom
13795.0,United Kingdom
14824.0,United Kingdom
12692.0,France
15941.0,United Kingdom
13824.0,United Kingdom
13724.0,United Kingdom
13573.0,United Kingdom
16586.0,United Kingdom
15994.0,United Kingdom
13183.0,United Kingdom
18149.0,United Kingdom
13688.0,United Kingdom
15665.0,United Kingdom
17849.0,United Kingdom
14857.0,United Kingdom
14645.0,United Kingdom
14315.0,United Kingdom
15117.0,United Kingdom
18135.0,United Kingdom
13530.0,United Kingdom
14534.0,United Kingdom
16242.0,United Kingdom
14195.0,United Kingdom
13600.0,United Kingdom
15227.0,United Kingdom
15123.0,United Kingdom
12366.0,Cyprus
15946.0,United Kingdom
14873.0,United Kingdom
14604.0,United Kingdom
18063.0,United Kingdom
14496.0,United Kingdom
12701.0,Germany
17478.0,United Kingdom
14872.0,United Kingdom
17568.0,United Kingdom
17479.0,United Kingdom
16652.0,United Kingdom
13612.0,United Kingdom
16777.0,United Kingdom
13275.0,United Kingdom
18196.0,United Kingdom
17933.0,United Kingdom
16917.0,United Kingdom
13371.0,United Kingdom
16254.0,United Kingdom
13406.0,United Kingdom
15775.0,United Kingdom
16336.0,United Kingdom
18131.0,United Kingdom
16571.0,United Kingdom
18187.0,United Kingdom
14427.0,United Kingdom
,Bermuda
16977.0,United Kingdom
15819.0,United Kingdom
14651.0,United Kingdom
15918.0,United Kingdom
14400.0,United Kingdom
13057.0,United Kingdom
15461.0,United Kingdom
16385.0,United Kingdom
13243.0,United Kingdom
15496.0,United Kingdom
12615.0,France
16303.0,United Kingdom
16108.0,United Kingdom
17349.0,United Kingdom
13128.0,United Kingdom
18247.0,United Kingdom
16668.0,United Kingdom
16199.0,United Kingdom
13230.0,United Kingdom
13150.0,United Kingdom
17838.0,United Kingdom
17738.0,United Kingdom
16716.0,United Kingdom
16008.0,United Kingdom
14292.0,United Kingdom
14851.0,United Kingdom
16508.0,United Kingdom
17673.0,United Kingdom
12418.0,Switzerland
,Sweden
14316.0,United Kingdom
12908.0,United Kingdom
15650.0,United Kingdom
18085.0,United Kingdom
17133.0,United Kingdom
17472.0,United Kingdom
13466.0,United Kingdom
17587.0,United Kingdom
17051.0,United Kingdom
16039.0,United Kingdom
16397.0,United Kingdom
12796.0,Netherlands
18078.0,United Kingdom
12368.0,Cyprus
13451.0,United Kingdom
12639.0,Sweden
14928.0,United Kingdom
17552.0,United Kingdom
16132.0,United Kingdom
13151.0,United Kingdom
13482.0,United Kingdom
14175.0,United Kingdom
14817.0,United Kingdom
13357.0,United Kingdom
14355.0,United Kingdom
14464.0,United Kingdom
16441.0,United Kingdom
17640.0,United Kingdom
13706.0,United Kingdom
15614.0,United Kingdom
14596.0,United Kingdom
15105.0,United Kingdom
16970.0,United Kingdom
14166.0,United Kingdom
16578.0,United Kingdom
16615.0,United Kingdom
13445.0,United Kingdom
14762.0,United Kingdom
14344.0,United Kingdom
15869.0,United Kingdom
13896.0,United Kingdom
18189.0,United Kingdom
13252.0,United Kingdom
16077.0,United Kingdom
13988.0,United Kingdom
12742.0,United Arab Emirates
16002.0,United Kingdom
14729.0,United Kingdom
15086.0,United Kingdom
16444.0,United Kingdom
14026.0,United Kingdom
15447.0,United Kingdom
16741.0,United Kingdom
17072.0,United Kingdom
14202.0,United Kingdom
14947.0,United Kingdom
15374.0,United Kingdom
13849.0,United Kingdom
17001.0,United Kingdom
17353.0,United Kingdom
16090.0,United Kingdom
13969.0,United Kingdom
17301.0,United Kingdom
13900.0,United Kingdom
13285.0,United Kingdom
12870.0,United Kingdom
15027.0,United Kingdom
16794.0,United Kingdom
17484.0,United Kingdom
12726.0,France
13187.0,United Kingdom
13705.0,United Kingdom
14704.0,United Kingdom
12791.0,Netherlands
15698.0,United Kingdom
14330.0,United Kingdom
16286.0,United Kingdom
14013.0,United Kingdom
15789.0,United Kingdom
18188.0,United Kingdom
17582.0,United Kingdom
18166.0,United Kingdom
18215.0,United Kingdom
16493.0,United Kingdom
16601.0,United Kingdom
14537.0,United Kingdom
13117.0,United Kingdom
14074.0,United Kingdom
12477.0,Germany
14994.0,United Kingdom
16807.0,United Kingdom
15249.0,United Kingdom
14253.0,United Kingdom
16833.0,United Kingdom
15552.0,United Kingdom
15848.0,United Kingdom
13053.0,United Kingdom
15289.0,United Kingdom
17827.0,United Kingdom
14378.0,United Kingdom
14805.0,United Kingdom
16934.0,United Kingdom
16784.0,United Kingdom
12910.0,United Kingdom
15068.0,United Kingdom
17518.0,United Kingdom
14101.0,United Kingdom
15423.0,United Kingdom
14572.0,United Kingdom
15570.0,United Kingdom
17068.0,United Kingdom
13684.0,United Kingdom
14078.0,United Kingdom
15231.0,United Kingdom
16666.0,United Kingdom
14583.0,United Kingdom
14809.0,United Kingdom
16549.0,United Kingdom
15141.0,United Kingdom
13113.0,United Kingdom
15981.0,United Kingdom
16532.0,United Kingdom
17994.0,United Kingdom
16456.0,United Kingdom
16502.0,United Kingdom
17046.0,United Kingdom
12496.0,Spain
16036.0,United Kingdom
16176.0,United Kingdom
13412.0,United Kingdom
17664.0,United Kingdom
16570.0,United Kingdom
16455.0,United Kingdom
17676.0,United Kingdom
13051.0,United Kingdom
12990.0,United Kingdom
12861.0,United Kingdom
14935.0,Channel Islands
15029.0,United Kingdom
15715.0,United Kingdom
15575.0,United Kingdom
17586.0,United Kingdom
17464.0,United Kingdom
17217.0,United Kingdom
14235.0,United Kingdom
15122.0,United Kingdom
14492.0,United Kingdom
14882.0,United Kingdom
15742.0,United Kingdom
13856.0,United Kingdom
16658.0,United Kingdom
13676.0,United Kingdom
17602.0,United Kingdom
18025.0,United Kingdom
15792.0,United Kingdom
15216.0,United Kingdom
13803.0,United Kingdom
18093.0,United Kingdom
17889.0,United Kingdom
14706.0,United Kingdom
13179.0,United Kingdom
15741.0,United Kingdom
16133.0,United Kingdom
13059.0,United Kingdom
18056.0,United Kingdom
17531.0,United Kingdom
16845.0,United Kingdom
15796.0,United Kingdom
15454.0,United Kingdom
15800.0,United Kingdom
15125.0,United Kingdom
16847.0,United Kingdom
13219.0,United Kingdom
13464.0,United Kingdom
13361.0,United Kingdom
14893.0,United Kingdom
12662.0,Germany
15689.0,United Kingdom
16377.0,United Kingdom
14916.0,United Kingdom
13582.0,United Kingdom
18241.0,United Kingdom
15173.0,United Kingdom
13196.0,United Kingdom
14200.0,United Kingdom
16130.0,United Kingdom
14692.0,United Kingdom
17993.0,United Kingdom
13750.0,United Kingdom
14049.0,United Kingdom
16054.0,United Kingdom
17669.0,United Kingdom
14835.0,United Kingdom
14694.0,United Kingdom
14489.0,United Kingdom
18173.0,United Kingdom
12997.0,United Kingdom
15215.0,United Kingdom
15770.0,United Kingdom
14035.0,United Kingdom
13939.0,United Kingdom
13710.0,United Kingdom
16654.0,United Kingdom
13071.0,United Kingdom
14221.0,United Kingdom
14825.0,United Kingdom
14265.0,Unspecified
13432.0,United Kingdom
13207.0,United Kingdom
17563.0,United Kingdom
15252.0,United Kingdom
13632.0,United Kingdom
16941.0,United Kingdom
14264.0,United Kingdom
12643.0,France
15112.0,United Kingdom
13723.0,United Kingdom
15201.0,United Kingdom
12821.0,United Kingdom
13640.0,United Kingdom
16454.0,United Kingdom
16369.0,United Kingdom
17497.0,United Kingdom
14758.0,United Kingdom
13852.0,United Kingdom
17553.0,United Kingdom
14145.0,United Kingdom
14855.0,United Kingdom
16053.0,United Kingdom
13712.0,United Kingdom
14918.0,United Kingdom
14813.0,United Kingdom
13278.0,United Kingdom
14450.0,United Kingdom
14533.0,United Kingdom
15613.0,United Kingdom
17746.0,United Kingdom
17110.0,United Kingdom
17805.0,United Kingdom
15638.0,United Kingdom
15062.0,United Kingdom
13163.0,United Kingdom
15129.0,United Kingdom
13197.0,United Kingdom
16040.0,United Kingdom
18246.0,United Kingdom
16341.0,United Kingdom
16944.0,United Kingdom
12786.0,Netherlands
13080.0,United Kingdom
,France
15331.0,United Kingdom
17609.0,United Kingdom
16276.0,United Kingdom
14275.0,United Kingdom
16814.0,United Kingdom
12481.0,Germany
17608.0,United Kingdom
13180.0,United Kingdom
14011.0,United Kingdom
16372.0,United Kingdom
17221.0,United Kingdom
15067.0,United Kingdom
14430.0,United Kingdom
12935.0,United Kingdom
15524.0,United Kingdom
15590.0,United Kingdom
14791.0,United Kingdom
14114.0,United Kingdom
14930.0,Channel Islands
15546.0,United Kingdom
14844.0,United Kingdom
12982.0,United Kingdom
12671.0,Germany
14853.0,United Kingdom
12943.0,United Kingdom
15268.0,United Kingdom
15639.0,United Kingdom
12459.0,Spain
16809.0,United Kingdom
15982.0,United Kingdom
14998.0,United Kingdom
17505.0,United Kingdom
16259.0,United Kingdom
15890.0,United Kingdom
17594.0,United Kingdom
14624.0,United Kingdom
17039.0,United Kingdom
16105.0,United Kingdom
16292.0,United Kingdom
13878.0,United Kingdom
15572.0,United Kingdom
13388.0,United Kingdom
14569.0,United Kingdom
14656.0,United Kingdom
18174.0,United Kingdom
13647.0,United Kingdom
18236.0,United Kingdom
17678.0,United Kingdom
15814.0,United Kingdom
17709.0,United Kingdom
13661.0,United Kingdom
16174.0,United Kingdom
13015.0,United Kingdom
13414.0,United Kingdom
13450.0,United Kingdom
13734.0,United Kingdom
18262.0,United Kingdom
12778.0,Netherlands
12395.0,Belgium
12969.0,United Kingdom
15979.0,United Kingdom
17626.0,United Kingdom
14988.0,United Kingdom
14907.0,United Kingdom
16094.0,United Kingdom
17842.0,United Kingdom
14623.0,United Kingdom
13262.0,United Kingdom
17346.0,United Kingdom
14395.0,United Kingdom
17256.0,United Kingdom
15972.0,United Kingdom
17041.0,United Kingdom
16921.0,United Kingdom
13286.0,United Kingdom
14506.0,United Kingdom
15410.0,United Kingdom
17540.0,United Kingdom
14845.0,United Kingdom
17474.0,United Kingdom
13145.0,United Kingdom
15273.0,United Kingdom
13115.0,United Kingdom
15451.0,United Kingdom
18095.0,United Kingdom
12516.0,Germany
14372.0,United Kingdom
16548.0,United Kingdom
12780.0,Netherlands
14926.0,United Kingdom
14611.0,United Kingdom
15970.0,United Kingdom
16864.0,United Kingdom
14812.0,United Kingdom
12983.0,United Kingdom
17622.0,United Kingdom
17185.0,United Kingdom
15886.0,United Kingdom
18062.0,United Kingdom
,Hong Kong
16256.0,United Kingdom
16472.0,United Kingdom
16231.0,United Kingdom
12588.0,Finland
15455.0,United Kingdom
13461.0,United Kingdom
13963.0,United Kingdom
13308.0,United Kingdom
14917.0,United Kingdom
12504.0,Germany
13625.0,United Kingdom
12625.0,Germany
13346.0,United Kingdom
16743.0,United Kingdom
15651.0,United Kingdom
16279.0,United Kingdom
14655.0,United Kingdom
17729.0,United Kingdom
14182.0,United Kingdom
17240.0,United Kingdom
14788.0,United Kingdom
17057.0,United Kingdom
12672.0,France
15474.0,United Kingdom
17181.0,United Kingdom
16028.0,United Kingdom
15548.0,United Kingdom
13656.0,United Kingdom
15042.0,United Kingdom
15245.0,United Kingdom
16538.0,United Kingdom
16868.0,United Kingdom
15600.0,United Kingdom
12844.0,United Kingdom
16068.0,United Kingdom
13863.0,United Kingdom
13760.0,United Kingdom
18091.0,United Kingdom
13609.0,United Kingdom
14677.0,United Kingdom
12838.0,United Kingdom
17093.0,United Kingdom
14743.0,United Kingdom
14773.0,United Kingdom
12925.0,United Kingdom
15717.0,United Kingdom
14999.0,United Kingdom
14665.0,United Kingdom
14021.0,United Kingdom
17715.0,United Kingdom
15384.0,United Kingdom
14563.0,United Kingdom
15111.0,United Kingdom
13307.0,United Kingdom
14552.0,United Kingdom
16623.0,United Kingdom
17959.0,United Kingdom
13012.0,United Kingdom
13655.0,United Kingdom
13064.0,United Kingdom
16088.0,United Kingdom
16543.0,United Kingdom
16117.0,United Kingdom
15402.0,United Kingdom
17991.0,United Kingdom
16354.0,United Kingdom
12849.0,United Kingdom
12392.0,Australia
16408.0,United Kingdom
16267.0,United Kingdom
12744.0,Singapore
16138.0,United Kingdom
14237.0,United Kingdom
14978.0,United Kingdom
17635.0,United Kingdom
17491.0,United Kingdom
13539.0,United Kingdom
13775.0,United Kingdom
18273.0,United Kingdom
18049.0,United Kingdom
14724.0,United Kingdom
12876.0,Belgium
16384.0,United Kingdom
12717.0,Greece
17605.0,United Kingdom
14389.0,United Kingdom
16648.0,United Kingdom
15445.0,United Kingdom
15101.0,United Kingdom
13238.0,United Kingdom
12698.0,Germany
16767.0,United Kingdom
13041.0,United Kingdom
17886.0,United Kingdom
17730.0,United Kingdom
18111.0,United Kingdom
12349.0,Italy
17771.0,United Kingdom
15954.0,United Kingdom
16332.0,United Kingdom
12863.0,United Kingdom
16607.0,United Kingdom
15180.0,United Kingdom
18141.0,United Kingdom
12377.0,Switzerland
17463.0,United Kingdom
15709.0,United Kingdom
16827.0,United Kingdom
12915.0,United Kingdom
17021.0,United Kingdom
14650.0,United Kingdom
12806.0,Netherlands
17005.0,United Kingdom
15818.0,United Kingdom
14201.0,United Kingdom
16374.0,United Kingdom
12374.0,Austria
14683.0,United Kingdom
15253.0,United Kingdom
15418.0,United Kingdom
16651.0,United Kingdom
17565.0,United Kingdom
15373.0,United Kingdom
15229.0,United Kingdom
15426.0,United Kingdom
13465.0,United Kingdom
17555.0,United Kingdom
12507.0,Spain
16317.0,United Kingdom
15183.0,United Kingdom
13143.0,United Kingdom
16145.0,United Kingdom
12725.0,Italy
12503.0,Spain
18163.0,United Kingdom
14962.0,United Kingdom
15391.0,United Kingdom
16526.0,United Kingdom
15396.0,United Kingdom
16135.0,United Kingdom
14025.0,United Kingdom
17759.0,United Kingdom
14437.0,United Kingdom
14936.0,Channel Islands
15488.0,United Kingdom
13512.0,United Kingdom
18028.0,United Kingdom
15868.0,United Kingdom
15097.0,United Kingdom
15381.0,United Kingdom
15704.0,United Kingdom
17597.0,United Kingdom
12958.0,United Kingdom
13713.0,United Kingdom
13400.0,United Kingdom
16844.0,United Kingdom
12388.0,Australia
13102.0,United Kingdom
17199.0,United Kingdom
14272.0,United Kingdom
13024.0,United Kingdom
13891.0,United Kingdom
16890.0,United Kingdom
13974.0,United Kingdom
17225.0,United Kingdom
17798.0,United Kingdom
13830.0,United Kingdom
14814.0,United Kingdom
18254.0,United Kingdom
17031.0,United Kingdom
17808.0,United Kingdom
16632.0,United Kingdom
13007.0,United Kingdom
13838.0,United Kingdom
14474.0,United Kingdom
17926.0,United Kingdom
14678.0,United Kingdom
13425.0,United Kingdom
17292.0,United Kingdom
14129.0,United Kingdom
17135.0,United Kingdom
16092.0,United Kingdom
15661.0,United Kingdom
17720.0,United Kingdom
17003.0,United Kingdom
14941.0,United Kingdom
14361.0,United Kingdom
17169.0,United Kingdom
17482.0,United Kingdom
17579.0,United Kingdom
14588.0,United Kingdom
16614.0,United Kingdom
17077.0,United Kingdom
12675.0,Italy
16323.0,United Kingdom
16737.0,United Kingdom
12582.0,Finland
17545.0,United Kingdom
12599.0,France
18281.0,United Kingdom
13695.0,United Kingdom
13943.0,United Kingdom
17321.0,United Kingdom
15034.0,United Kingdom
13222.0,United Kingdom
13296.0,United Kingdom
16307.0,United Kingdom
13103.0,United Kingdom
14014.0,United Kingdom
13295.0,United Kingdom
14391.0,United Kingdom
17705.0,United Kingdom
14707.0,United Kingdom
12580.0,Germany
15012.0,United Kingdom
16898.0,United Kingdom
17016.0,United Kingdom
17845.0,United Kingdom
13998.0,United Kingdom
12494.0,France
16993.0,United Kingdom
15405.0,United Kingdom
17897.0,United Kingdom
15470.0,United Kingdom
15199.0,United Kingdom
14039.0,United Kingdom
13892.0,United Kingdom
13220.0,United Kingdom
18197.0,United Kingdom
13888.0,United Kingdom
15597.0,United Kingdom
16906.0,United Kingdom
15210.0,United Kingdom
12894.0,United Kingdom
12923.0,United Kingdom
15478.0,United Kingdom
12880.0,United Kingdom
16115.0,United Kingdom
16836.0,United Kingdom
15723.0,United Kingdom
16588.0,United Kingdom
14296.0,United Kingdom
13300.0,United Kingdom
12745.0,United Kingdom
16922.0,United Kingdom
18258.0,United Kingdom
17123.0,United Kingdom
16507.0,United Kingdom
14982.0,United Kingdom
18287.0,United Kingdom
18157.0,United Kingdom
16932.0,United Kingdom
15280.0,United Kingdom
13857.0,United Kingdom
13719.0,United Kingdom
14017.0,United Kingdom
17928.0,United Kingdom
13605.0,United Kingdom
14304.0,United Kingdom
16884.0,United Kingdom
15071.0,United Kingdom
13501.0,Switzerland
14744.0,United Kingdom
13541.0,United Kingdom
15282.0,United Kingdom
16835.0,United Kingdom
14325.0,United Kingdom
17413.0,United Kingdom
17382.0,United Kingdom
15636.0,United Kingdom
14283.0,United Kingdom
17490.0,United Kingdom
16059.0,United Kingdom
14598.0,United Kingdom
14220.0,United Kingdom
16915.0,United Kingdom
16564.0,United Kingdom
12837.0,United Kingdom
16664.0,United Kingdom
14334.0,United Kingdom
15777.0,United Kingdom
15401.0,United Kingdom
17758.0,United Kingdom
15025.0,United Kingdom
14850.0,United Kingdom
15559.0,United Kingdom
13213.0,United Kingdom
16604.0,United Kingdom
15826.0,United Kingdom
12422.0,Switzerland
14513.0,United Kingdom
14671.0,United Kingdom
14311.0,United Kingdom
12355.0,Bahrain
18011.0,United Kingdom
14409.0,United Kingdom
17898.0,United Kingdom
16889.0,United Kingdom
16121.0,United Kingdom
12974.0,United Kingdom
16290.0,United Kingdom
18208.0,United Kingdom
14010.0,United Kingdom
17785.0,United Kingdom
13778.0,United Kingdom
17278.0,United Kingdom
12409.0,Switzerland
14920.0,United Kingdom
18060.0,United Kingdom
12632.0,Germany
16831.0,United Kingdom
14394.0,United Kingdom
16974.0,United Kingdom
13402.0,United Kingdom
16185.0,United Kingdom
18052.0,United Kingdom
14168.0,United Kingdom
14847.0,United Kingdom
16229.0,United Kingdom
15681.0,United Kingdom
17205.0,United Kingdom
16075.0,United Kingdom
12773.0,Portugal
18000.0,United Kingdom
12802.0,Netherlands
13324.0,United Kingdom
16175.0,United Kingdom
13989.0,United Kingdom
14993.0,United Kingdom
15217.0,United Kingdom
16328.0,United Kingdom
17862.0,United Kingdom
17694.0,United Kingdom
12656.0,France
17327.0,United Kingdom
17179.0,United Kingdom
15900.0,United Kingdom
17074.0,United Kingdom
14181.0,United Kingdom
16715.0,United Kingdom
16153.0,United Kingdom
16046.0,United Kingdom
14938.0,Channel Islands
12378.0,Switzerland
13880.0,United Kingdom
16458.0,United Kingdom
13920.0,United Kingdom
13169.0,United Kingdom
17499.0,United Kingdom
15340.0,United Kingdom
16234.0,United Kingdom
16392.0,United Kingdom
16391.0,United Kingdom
15256.0,United Kingdom
17699.0,United Kingdom
16695.0,United Kingdom
14069.0,United Kingdom
16101.0,United Kingdom
14876.0,United Kingdom
16691.0,United Kingdom
15985.0,United Kingdom
16218.0,United Kingdom
15400.0,United Kingdom
15254.0,United Kingdom
13602.0,United Kingdom
17741.0,United Kingdom
17822.0,United Kingdom
12619.0,Germany
17583.0,United Kingdom
16035.0,United Kingdom
12499.0,Germany
18044.0,United Kingdom
14104.0,United Kingdom
17617.0,United Kingdom
15938.0,United Kingdom
16518.0,United Kingdom
15135.0,United Kingdom
15980.0,United Kingdom
15670.0,United Kingdom
18038.0,United Kingdom
17745.0,United Kingdom
13472.0,United Kingdom
15246.0,United Kingdom
15887.0,United Kingdom
15714.0,United Kingdom
16565.0,United Kingdom
16401.0,United Kingdom
15305.0,United Kingdom
17096.0,United Kingdom
14033.0,United Kingdom
16896.0,United Kingdom
14859.0,United Kingdom
15502.0,United Kingdom
12874.0,Belgium
17216.0,United Kingdom
13031.0,United Kingdom
17683.0,United Kingdom
18214.0,United Kingdom
15731.0,United Kingdom
14486.0,United Kingdom
14436.0,United Kingdom
14902.0,United Kingdom
18206.0,United Kingdom
17235.0,United Kingdom
14687.0,United Kingdom
14766.0,United Kingdom
18234.0,United Kingdom
16356.0,United Kingdom
12911.0,United Kingdom
18112.0,United Kingdom
13109.0,United Kingdom
14208.0,United Kingdom
17915.0,United Kingdom
16340.0,United Kingdom
13614.0,United Kingdom
18137.0,United Kingdom
15976.0,United Kingdom
14128.0,United Kingdom
13056.0,United Kingdom
14247.0,United Kingdom
14734.0,United Kingdom
17009.0,United Kingdom
14309.0,United Kingdom
15958.0,United Kingdom
17987.0,United Kingdom
14028.0,United Kingdom
15471.0,United Kingdom
14515.0,United Kingdom
16382.0,United Kingdom
13699.0,United Kingdom
17515.0,United Kingdom
14786.0,United Kingdom
16232.0,United Kingdom
18100.0,United Kingdom
15872.0,United Kingdom
12829.0,United Kingdom
15551.0,United Kingdom
17040.0,United Kingdom
17101.0,United Kingdom
15720.0,United Kingdom
14498.0,United Kingdom
17784.0,United Kingdom
13997.0,United Kingdom
12928.0,United Kingdom
16048.0,United Kingdom
17543.0,United Kingdom
18103.0,United Kingdom
17440.0,United Kingdom
15532.0,United Kingdom
16072.0,United Kingdom
17713.0,United Kingdom
14616.0,United Kingdom
17417.0,United Kingdom
13502.0,United Kingdom
14260.0,United Kingdom
15352.0,United Kingdom
17282.0,United Kingdom
17381.0,United Kingdom
16453.0,United Kingdom
14230.0,United Kingdom
14615.0,United Kingdom
17971.0,United Kingdom
14180.0,United Kingdom
12424.0,Australia
12634.0,USA
17204.0,United Kingdom
13065.0,United Kingdom
17869.0,United Kingdom
15757.0,United Kingdom
15734.0,United Kingdom
15207.0,United Kingdom
16679.0,United Kingdom
13438.0,United Kingdom
14618.0,United Kingdom
15102.0,United Kingdom
17996.0,United Kingdom
17691.0,United Kingdom
16209.0,United Kingdom
16499.0,United Kingdom
17902.0,United Kingdom
14228.0,United Kingdom
13794.0,United Kingdom
16547.0,United Kingdom
14727.0,United Kingdom
13337.0,United Kingdom
12429.0,Denmark
18022.0,United Kingdom
17749.0,United Kingdom
13601.0,United Kingdom
13745.0,United Kingdom
16021.0,United Kingdom
13545.0,United Kingdom
17790.0,United Kingdom
14224.0,United Kingdom
17923.0,United Kingdom
14581.0,United Kingdom
16647.0,United Kingdom
16622.0,United Kingdom
13383.0,United Kingdom
13559.0,United Kingdom
16625.0,United Kingdom
12897.0,United Kingdom
15150.0,United Kingdom
18020.0,United Kingdom
15901.0,United Kingdom
15016.0,United Kingdom
16007.0,United Kingdom
15361.0,United Kingdom
15817.0,United Kingdom
12637.0,France
13069.0,United Kingdom
16500.0,United Kingdom
15905.0,United Kingdom
17922.0,United Kingdom
14139.0,United Kingdom
16205.0,United Kingdom
13297.0,United Kingdom
17571.0,United Kingdom
15816.0,United Kingdom
13168.0,United Kingdom
15625.0,United Kingdom
15926.0,United Kingdom
14634.0,United Kingdom
18042.0,United Kingdom
15040.0,United Kingdom
17952.0,United Kingdom
13567.0,United Kingdom
13586.0,United Kingdom
14374.0,United Kingdom
15432.0,United Kingdom
14375.0,United Kingdom
14619.0,United Kingdom
17401.0,United Kingdom
13112.0,United Kingdom
16492.0,United Kingdom
13919.0,Denmark
16134.0,United Kingdom
17098.0,United Kingdom
12746.0,United Kingdom
17692.0,United Kingdom
16515.0,United Kingdom
13608.0,United Kingdom
14508.0,United Kingdom
16925.0,United Kingdom
17953.0,United Kingdom
15718.0,United Kingdom
17341.0,United Kingdom
13277.0,United Kingdom
16155.0,United Kingdom
14919.0,United Kingdom
12412.0,Denmark
14840.0,United Kingdom
16486.0,United Kingdom
18128.0,United Kingdom
15247.0,United Kingdom
16739.0,United Kingdom
15786.0,United Kingdom
12469.0,Thailand
14338.0,United Kingdom
13707.0,United Kingdom
16815.0,United Kingdom
16062.0,United Kingdom
16315.0,United Kingdom
16503.0,United Kingdom
17192.0,United Kingdom
15081.0,United Kingdom
12774.0,Netherlands
16227.0,United Kingdom
12724.0,France
16894.0,United Kingdom
15809.0,United Kingdom
14874.0,United Kingdom
14793.0,United Kingdom
16680.0,United Kingdom
17422.0,United Kingdom
12792.0,Portugal
17380.0,United Kingdom
14725.0,United Kingdom
17310.0,United Kingdom
13942.0,United Kingdom
12379.0,Belgium
16825.0,United Kingdom
16180.0,United Kingdom
14509.0,United Kingdom
15248.0,United Kingdom
15991.0,United Kingdom
17304.0,United Kingdom
15913.0,United Kingdom
17686.0,United Kingdom
12705.0,Germany
14566.0,Channel Islands
16683.0,United Kingdom
15043.0,United Kingdom
12741.0,USA
17099.0,United Kingdom
15629.0,United Kingdom
14326.0,United Kingdom
16961.0,United Kingdom
15824.0,United Kingdom
16539.0,United Kingdom
15779.0,United Kingdom
14058.0,United Kingdom
13861.0,United Kingdom
14199.0,United Kingdom
17194.0,United Kingdom
16529.0,United Kingdom
15264.0,United Kingdom
17812.0,United Kingdom
16733.0,United Kingdom
17437.0,United Kingdom
16012.0,United Kingdom
13129.0,United Kingdom
17578.0,United Kingdom
13123.0,United Kingdom
12451.0,Switzerland
12784.0,Portugal
17326.0,United Kingdom
12485.0,Sweden
14020.0,United Kingdom
13859.0,United Kingdom
12527.0,Germany
12799.0,Japan
13023.0,United Kingdom
13299.0,United Kingdom
14774.0,United Kingdom
12788.0,Netherlands
12529.0,France
13620.0,United Kingdom
15430.0,United Kingdom
12415.0,Australia
15842.0,United Kingdom
13752.0,United Kingdom
13739.0,United Kingdom
14398.0,United Kingdom
17666.0,United Kingdom
18053.0,United Kingdom
14217.0,United Kingdom
15486.0,United Kingdom
17748.0,United Kingdom
13814.0,Germany
13649.0,United Kingdom
12575.0,France
12653.0,Israel
15852.0,United Kingdom
17239.0,United Kingdom
15888.0,United Kingdom
18109.0,United Kingdom
17651.0,United Kingdom
13302.0,United Kingdom
15851.0,United Kingdom
16926.0,United Kingdom
12576.0,Poland
13292.0,United Kingdom
13439.0,United Kingdom
17187.0,United Kingdom
18217.0,United Kingdom
17080.0,United Kingdom
16907.0,United Kingdom
14693.0,United Kingdom
18230.0,United Kingdom
12633.0,Germany
14699.0,United Kingdom
14963.0,United Kingdom
13246.0,United Kingdom
14366.0,United Kingdom
13125.0,United Kingdom
14647.0,United Kingdom
16032.0,United Kingdom
13029.0,United Kingdom
17376.0,United Kingdom
15627.0,United Kingdom
15678.0,United Kingdom
16110.0,United Kingdom
15969.0,United Kingdom
12953.0,United Kingdom
12693.0,Germany
15076.0,United Kingdom
14900.0,United Kingdom
16576.0,United Kingdom
17901.0,United Kingdom
12403.0,Denmark
12730.0,Germany
14452.0,United Kingdom
12749.0,United Kingdom
13909.0,United Kingdom
16443.0,United Kingdom
15133.0,United Kingdom
17129.0,United Kingdom
13534.0,United Kingdom
16649.0,United Kingdom
15056.0,United Kingdom
13677.0,United Kingdom
15127.0,United Kingdom
12782.0,Portugal
12592.0,Germany
16650.0,United Kingdom
12963.0,United Kingdom
18279.0,United Kingdom
12841.0,United Kingdom
13399.0,United Kingdom
17492.0,United Kingdom
14580.0,United Kingdom
15283.0,United Kingdom
16049.0,United Kingdom
14516.0,United Kingdom
13779.0,United Kingdom
18238.0,United Kingdom
17143.0,United Kingdom
14248.0,United Kingdom
16469.0,United Kingdom
13428.0,United Kingdom
16435.0,United Kingdom
17408.0,United Kingdom
14610.0,United Kingdom
17714.0,United Kingdom
18123.0,United Kingdom
17034.0,United Kingdom
15332.0,Lithuania
18096.0,United Kingdom
16172.0,United Kingdom
14007.0,United Kingdom
15530.0,United Kingdom
17559.0,United Kingdom
17783.0,United Kingdom
13255.0,United Kingdom
14084.0,United Kingdom
16251.0,United Kingdom
17968.0,United Kingdom
18021.0,United Kingdom
15908.0,United Kingdom
17921.0,United Kingdom
15452.0,United Kingdom
13959.0,United Kingdom
17680.0,United Kingdom
12977.0,United Kingdom
16128.0,United Kingdom
17541.0,United Kingdom
17261.0,United Kingdom
14553.0,United Kingdom
15151.0,United Kingdom
17339.0,United Kingdom
15189.0,United Kingdom
16496.0,United Kingdom
14674.0,United Kingdom
16089.0,United Kingdom
14599.0,United Kingdom
12696.0,Finland
16861.0,United Kingdom
15788.0,United Kingdom
17395.0,United Kingdom
17090.0,United Kingdom
17470.0,United Kingdom
12864.0,United Kingdom
14922.0,United Kingdom
13509.0,United Kingdom
16129.0,United Kingdom
15617.0,United Kingdom
12480.0,Germany
14797.0,United Kingdom
12720.0,Germany
13913.0,United Kingdom
13444.0,United Kingdom
18074.0,United Kingdom
14858.0,United Kingdom
16975.0,United Kingdom
17643.0,United Kingdom
16555.0,United Kingdom
12421.0,Spain
16165.0,United Kingdom
17918.0,United Kingdom
14236.0,United Kingdom
17177.0,United Kingdom
13788.0,United Kingdom
18026.0,United Kingdom
12595.0,Germany
16203.0,United Kingdom
13665.0,United Kingdom
14312.0,United Kingdom
18132.0,United Kingdom
18244.0,United Kingdom
17112.0,United Kingdom
12866.0,Belgium
15431.0,United Kingdom
12410.0,Switzerland
13239.0,United Kingdom
13250.0,United Kingdom
12889.0,United Kingdom
13137.0,United Kingdom
15378.0,United Kingdom
12476.0,Germany
15080.0,United Kingdom
17494.0,United Kingdom
14435.0,United Kingdom
17224.0,United Kingdom
15142.0,United Kingdom
12801.0,Sweden
14384.0,United Kingdom
16219.0,United Kingdom
15873.0,United Kingdom
13384.0,United Kingdom
13161.0,United Kingdom
15284.0,United Kingdom
12804.0,Netherlands
12547.0,Spain
13435.0,United Kingdom
17122.0,United Kingdom
15228.0,United Kingdom
14463.0,United Kingdom
15596.0,United Kingdom
18207.0,United Kingdom
13796.0,United Kingdom
16278.0,United Kingdom
16937.0,United Kingdom
18264.0,United Kingdom
14833.0,United Kingdom
14901.0,United Kingdom
18075.0,United Kingdom
12737.0,France
17168.0,United Kingdom
16045.0,United Kingdom
12408.0,Belgium
15021.0,United Kingdom
14346.0,United Kingdom
16428.0,United Kingdom
17109.0,United Kingdom
17735.0,United Kingdom
15459.0,United Kingdom
14455.0,United Kingdom
13766.0,United Kingdom
13474.0,United Kingdom
12862.0,United Kingdom
13617.0,United Kingdom
15666.0,United Kingdom
15200.0,United Kingdom
18277.0,United Kingdom
13090.0,United Kingdom
12907.0,United Kingdom
16060.0,United Kingdom
16440.0,United Kingdom
14001.0,United Kingdom
18048.0,United Kingdom
17665.0,United Kingdom
16880.0,United Kingdom
16316.0,United Kingdom
14219.0,United Kingdom
15363.0,United Kingdom
16417.0,United Kingdom
15387.0,United Kingdom
16334.0,United Kingdom
15587.0,United Kingdom
13084.0,United Kingdom
13155.0,United Kingdom
17156.0,United Kingdom
18079.0,United Kingdom
15271.0,United Kingdom
14521.0,United Kingdom
13135.0,United Kingdom
13140.0,United Kingdom
18154.0,United Kingdom
17975.0,United Kingdom
16196.0,United Kingdom
17132.0,United Kingdom
14575.0,United Kingdom
17393.0,United Kingdom
15262.0,United Kingdom
13653.0,United Kingdom
17732.0,United Kingdom
12458.0,Switzerland
15595.0,United Kingdom
14631.0,United Kingdom
14794.0,United Kingdom
17212.0,United Kingdom
14022.0,United Kingdom
14053.0,United Kingdom
13045.0,United Kingdom
14722.0,United Kingdom
16221.0,United Kingdom
13839.0,United Kingdom
14144.0,United Kingdom
14913.0,United Kingdom
13717.0,United Kingdom
15837.0,United Kingdom
13594.0,United Kingdom
12771.0,Portugal
14700.0,United Kingdom
14822.0,United Kingdom
17615.0,United Kingdom
14736.0,United Kingdom
15110.0,United Kingdom
16033.0,United Kingdom
15652.0,United Kingdom
16477.0,United Kingdom
14630.0,United Kingdom
18227.0,United Kingdom
12959.0,United Kingdom
17639.0,United Kingdom
14550.0,United Kingdom
12676.0,Sweden
14153.0,United Kingdom
16345.0,United Kingdom
17300.0,United Kingdom
15893.0,United Kingdom
16043.0,United Kingdom
17248.0,United Kingdom
16468.0,United Kingdom
14996.0,United Kingdom
14183.0,United Kingdom
17299.0,United Kingdom
15050.0,United Kingdom
12687.0,Sweden
13063.0,United Kingdom
14379.0,United Kingdom
13945.0,United Kingdom
14531.0,United Kingdom
17430.0,United Kingdom
14749.0,United Kingdom
17513.0,United Kingdom
15072.0,United Kingdom
13320.0,United Kingdom
17627.0,United Kingdom
15310.0,United Kingdom
17792.0,United Kingdom
16675.0,United Kingdom
16638.0,United Kingdom
15764.0,United Kingdom
17585.0,United Kingdom
15154.0,United Kingdom
15506.0,United Kingdom
17599.0,United Kingdom
12851.0,United Kingdom
16919.0,United Kingdom
13479.0,United Kingdom
18191.0,United Kingdom
16299.0,United Kingdom
12519.0,Germany
12433.0,Norway
16562.0,United Kingdom
16294.0,United Kingdom
12865.0,Austria
15322.0,United Kingdom
14243.0,United Kingdom
16396.0,United Kingdom
15855.0,United Kingdom
17471.0,United Kingdom
12450.0,Spain
17689.0,United Kingdom
14767.0,United Kingdom
16770.0,United Kingdom
14565.0,United Kingdom
18140.0,West Indies
15683.0,United Kingdom
14187.0,United Kingdom
14321.0,United Kingdom
13452.0,United Kingdom
16314.0,United Kingdom
17649.0,United Kingdom
14342.0,United Kingdom
17336.0,United Kingdom
18124.0,United Kingdom
12721.0,France
14229.0,United Kingdom
13548.0,United Kingdom
14787.0,United Kingdom
16448.0,United Kingdom
14268.0,United Kingdom
16235.0,United Kingdom
14075.0,United Kingdom
16375.0,United Kingdom
14482.0,United Kingdom
16288.0,United Kingdom
14544.0,United Kingdom
13884.0,United Kingdom
14499.0,United Kingdom
16421.0,United Kingdom
16870.0,United Kingdom
17894.0,United Kingdom
15936.0,United Kingdom
15074.0,United Kingdom
15166.0,United Kingdom
13922.0,United Kingdom
17384.0,United Kingdom
12423.0,Denmark
14885.0,United Kingdom
14433.0,United Kingdom
17126.0,United Kingdom
13714.0,United Kingdom
12651.0,France
12573.0,France
16819.0,United Kingdom
12761.0,Netherlands
17215.0,United Kingdom
15574.0,United Kingdom
15677.0,United Kingdom
12414.0,Austria
16065.0,United Kingdom
18182.0,United Kingdom
12831.0,United Kingdom
14908.0,United Kingdom
13992.0,United Kingdom
15424.0,United Kingdom
16872.0,United Kingdom
16239.0,United Kingdom
12808.0,Portugal
14086.0,United Kingdom
16100.0,United Kingdom
14009.0,United Kingdom
15092.0,United Kingdom
16289.0,United Kingdom
14163.0,United Kingdom
14753.0,United Kingdom
13809.0,Cyprus
13506.0,United Kingdom
13032.0,United Kingdom
14318.0,United Kingdom
13785.0,United Kingdom
15543.0,United Kingdom
13133.0,United Kingdom
12859.0,United Kingdom
16832.0,United Kingdom
14968.0,United Kingdom
12605.0,Germany
12819.0,United Kingdom
13683.0,United Kingdom
13076.0,United Kingdom
12777.0,United Kingdom
15752.0,United Kingdom
13005.0,United Kingdom
12635.0,Germany
16972.0,United Kingdom
12770.0,Japan
14688.0,United Kingdom
13046.0,United Kingdom
12460.0,Belgium
16886.0,United Kingdom
17456.0,United Kingdom
18255.0,United Kingdom
16095.0,United Kingdom
17762.0,United Kingdom
14444.0,United Kingdom
17473.0,United Kingdom
17366.0,United Kingdom
12760.0,Netherlands
17369.0,United Kingdom
14708.0,United Kingdom
14445.0,United Kingdom
14635.0,United Kingdom
15992.0,United Kingdom
16042.0,United Kingdom
16799.0,United Kingdom
15006.0,United Kingdom
15406.0,United Kingdom
17383.0,United Kingdom
17728.0,United Kingdom
17308.0,United Kingdom
,Lebanon
13440.0,United Kingdom
13537.0,United Kingdom
17616.0,United Kingdom
15107.0,United Kingdom
13312.0,United Kingdom
14363.0,United Kingdom
17149.0,United Kingdom
16690.0,United Kingdom
18136.0,United Kingdom
14381.0,United Kingdom
14231.0,United Kingdom
15966.0,United Kingdom
12768.0,Korea
15906.0,United Kingdom
13784.0,United Kingdom
17403.0,United Kingdom
16005.0,United Kingdom
16522.0,United Kingdom
15685.0,United Kingdom
16080.0,United Kingdom
16979.0,United Kingdom
16589.0,United Kingdom
15301.0,United Kingdom
17392.0,United Kingdom
13374.0,United Kingdom
13424.0,United Kingdom
16646.0,United Kingdom
15962.0,United Kingdom
15341.0,United Kingdom
15748.0,United Kingdom
15535.0,United Kingdom
13398.0,United Kingdom
16146.0,United Kingdom
16371.0,United Kingdom
12554.0,Spain
17765.0,United Kingdom
15026.0,United Kingdom
12425.0,Portugal
17743.0,United Kingdom
15876.0,United Kingdom
12543.0,Spain
18089.0,United Kingdom
16983.0,United Kingdom
13701.0,United Kingdom
13554.0,United Kingdom
13067.0,United Kingdom
15519.0,United Kingdom
14776.0,United Kingdom
17255.0,United Kingdom
16264.0,United Kingdom
15870.0,United Kingdom
15599.0,United Kingdom
15462.0,United Kingdom
17811.0,United Kingdom
13702.0,United Kingdom
14212.0,United Kingdom
17055.0,United Kingdom
12850.0,United Kingdom
17167.0,United Kingdom
14668.0,United Kingdom
17834.0,United Kingdom
13375.0,United Kingdom
15473.0,United Kingdom
13689.0,United Kingdom
16465.0,United Kingdom
14716.0,United Kingdom
17480.0,United Kingdom
12751.0,Brazil
15041.0,United Kingdom
14169.0,United Kingdom
14761.0,United Kingdom
16998.0,United Kingdom
15728.0,United Kingdom
14126.0,United Kingdom
14866.0,United Kingdom
17161.0,United Kingdom
14933.0,Channel Islands
12578.0,Italy
17840.0,United Kingdom
14570.0,United Kingdom
13205.0,United Kingdom
15761.0,United Kingdom
16857.0,United Kingdom
13519.0,United Kingdom
13264.0,United Kingdom
18107.0,United Kingdom
15140.0,United Kingdom
16856.0,United Kingdom
18193.0,United Kingdom
15476.0,United Kingdom
16298.0,United Kingdom
16546.0,United Kingdom
16261.0,United Kingdom
16775.0,United Kingdom
14992.0,United Kingdom
17134.0,United Kingdom
16531.0,United Kingdom
14875.0,United Kingdom
17567.0,United Kingdom
16692.0,United Kingdom
16140.0,United Kingdom
14934.0,Channel Islands
17396.0,United Kingdom
14226.0,United Kingdom
12871.0,United Kingdom
17062.0,United Kingdom
14094.0,United Kingdom
14269.0,United Kingdom
13118.0,United Kingdom
14806.0,United Kingdom
13281.0,United Kingdom
12449.0,Denmark
15469.0,United Kingdom
17919.0,United Kingdom
17315.0,United Kingdom
15616.0,United Kingdom
12348.0,Finland
16211.0,United Kingdom
17524.0,United Kingdom
13687.0,United Kingdom
17280.0,United Kingdom
17450.0,United Kingdom
13139.0,United Kingdom
16362.0,United Kingdom
13073.0,United Kingdom
16269.0,United Kingdom
13970.0,United Kingdom
15347.0,United Kingdom
13386.0,United Kingdom
14597.0,United Kingdom
17007.0,United Kingdom
16198.0,United Kingdom
15871.0,United Kingdom
13754.0,United Kingdom
14410.0,United Kingdom
13927.0,United Kingdom
16237.0,United Kingdom
12964.0,United Kingdom
13639.0,United Kingdom
16148.0,United Kingdom
12946.0,United Kingdom
13804.0,United Kingdom
16783.0,United Kingdom
14843.0,United Kingdom
14891.0,United Kingdom
17257.0,United Kingdom
14829.0,United Kingdom
14449.0,United Kingdom
14510.0,United Kingdom
13105.0,United Kingdom
13257.0,United Kingdom
16489.0,United Kingdom
16490.0,United Kingdom
12661.0,Sweden
13556.0,United Kingdom
14004.0,United Kingdom
13962.0,United Kingdom
16368.0,United Kingdom
14953.0,United Kingdom
13966.0,United Kingdom
12562.0,France
16214.0,United Kingdom
14742.0,United Kingdom
15736.0,United Kingdom
16958.0,United Kingdom
14800.0,United Kingdom
15960.0,United Kingdom
13108.0,United Kingdom
14568.0,Channel Islands
15243.0,United Kingdom
13763.0,United Kingdom
12457.0,Switzerland
16044.0,United Kingdom
14657.0,United Kingdom
12417.0,Spain
12817.0,Austria
17533.0,United Kingdom
16306.0,United Kingdom
14303.0,United Kingdom
17521.0,United Kingdom
13002.0,United Kingdom
15261.0,United Kingdom
17360.0,United Kingdom
15276.0,United Kingdom
15190.0,United Kingdom
16606.0,United Kingdom
13198.0,United Kingdom
12652.0,Germany
18266.0,United Kingdom
13380.0,United Kingdom
17022.0,United Kingdom
13674.0,United Kingdom
18270.0,United Kingdom
16848.0,United Kingdom
13014.0,United Kingdom
14254.0,United Kingdom
15351.0,United Kingdom
13642.0,United Kingdom
14310.0,United Kingdom
15859.0,United Kingdom
14392.0,United Kingdom
14008.0,United Kingdom
16407.0,United Kingdom
15143.0,United Kingdom
13245.0,United Kingdom
14462.0,United Kingdom
16312.0,United Kingdom
14579.0,United Kingdom
15579.0,United Kingdom
13326.0,United Kingdom
16817.0,United Kingdom
17375.0,United Kingdom
15159.0,United Kingdom
17621.0,United Kingdom
13367.0,United Kingdom
16476.0,United Kingdom
13441.0,United Kingdom
18284.0,United Kingdom
14065.0,United Kingdom
12486.0,Sweden
14353.0,United Kingdom
15392.0,United Kingdom
13144.0,United Kingdom
15730.0,United Kingdom
15778.0,United Kingdom
18017.0,United Kingdom
15346.0,United Kingdom
16061.0,United Kingdom
13035.0,United Kingdom
14314.0,United Kingdom
13177.0,United Kingdom
13964.0,United Kingdom
14470.0,United Kingdom
14991.0,United Kingdom
15490.0,United Kingdom
14663.0,United Kingdom
16348.0,United Kingdom
17097.0,Spain
17657.0,United Kingdom
13306.0,United Kingdom
15782.0,United Kingdom
14350.0,United Kingdom
16760.0,United Kingdom
15857.0,United Kingdom
15128.0,United Kingdom
13055.0,United Kingdom
13033.0,United Kingdom
13022.0,Belgium
15934.0,United Kingdom
17429.0,United Kingdom
16437.0,United Kingdom
13818.0,United Kingdom
14810.0,United Kingdom
17045.0,United Kingdom
17008.0,United Kingdom
16149.0,United Kingdom
15973.0,United Kingdom
14339.0,United Kingdom
13423.0,United Kingdom
17525.0,United Kingdom
12511.0,Greece
17249.0,United Kingdom
14490.0,United Kingdom
14118.0,United Kingdom
12903.0,United Kingdom
13569.0,United Kingdom
17354.0,United Kingdom
14266.0,United Kingdom
12393.0,Australia
16980.0,United Kingdom
16411.0,United Kingdom
15314.0,United Kingdom
16350.0,United Kingdom
15931.0,United Kingdom
14358.0,United Kingdom
16111.0,United Kingdom
15598.0,United Kingdom
17196.0,United Kingdom
17864.0,United Kingdom
15281.0,United Kingdom
12811.0,Portugal
14904.0,United Kingdom
14846.0,United Kingdom
15708.0,United Kingdom
14127.0,United Kingdom
16579.0,United Kingdom
17152.0,United Kingdom
15177.0,United Kingdom
15645.0,United Kingdom
13083.0,United Kingdom
14390.0,United Kingdom
15038.0,United Kingdom
14571.0,United Kingdom
17111.0,United Kingdom
16122.0,United Kingdom
13362.0,United Kingdom
15277.0,United Kingdom
13747.0,United Kingdom
12356.0,Portugal
14756.0,United Kingdom
15948.0,United Kingdom
14412.0,United Kingdom
17264.0,United Kingdom
12797.0,Portugal
16527.0,United Kingdom
14319.0,United Kingdom
15834.0,United Kingdom
17004.0,United Kingdom
17273.0,United Kingdom
15024.0,United Kingdom
13546.0,United Kingdom
17710.0,United Kingdom
13912.0,United Kingdom
12655.0,France
13368.0,United Kingdom
17094.0,United Kingdom
14981.0,United Kingdom
14746.0,United Kingdom
17708.0,United Kingdom
15208.0,United Kingdom
17104.0,United Kingdom
14240.0,United Kingdom
13968.0,United Kingdom
12553.0,France
14263.0,United Kingdom
16263.0,United Kingdom
12467.0,USA
17944.0,United Kingdom
12629.0,Sweden
16643.0,United Kingdom
18239.0,United Kingdom
13792.0,United Kingdom
16990.0,United Kingdom
16418.0,United Kingdom
16238.0,United Kingdom
15134.0,United Kingdom
15356.0,United Kingdom
17814.0,United Kingdom
17580.0,United Kingdom
13832.0,United Kingdom
16120.0,United Kingdom
17817.0,United Kingdom
12900.0,United Kingdom
15242.0,United Kingdom
15304.0,United Kingdom
14696.0,United Kingdom
13194.0,United Kingdom
14929.0,United Kingdom
12798.0,Japan
18090.0,United Kingdom
17717.0,United Kingdom
13395.0,United Kingdom
16935.0,United Kingdom
17629.0,United Kingdom
17796.0,United Kingdom
15735.0,United Kingdom
17751.0,United Kingdom
16991.0,United Kingdom
14975.0,United Kingdom
15160.0,United Kingdom
17823.0,United Kingdom
14956.0,United Kingdom
15114.0,United Kingdom
15626.0,United Kingdom
12454.0,Spain
13829.0,United Kingdom
12694.0,France
14088.0,United Kingdom
17510.0,United Kingdom
18018.0,United Kingdom
17202.0,United Kingdom
17390.0,United Kingdom
12691.0,France
15957.0,United Kingdom
12445.0,Spain
17687.0,United Kingdom
13692.0,United Kingdom
15686.0,United Kingdom
17938.0,United Kingdom
17316.0,United Kingdom
14868.0,United Kingdom
16810.0,United Kingdom
15688.0,United Kingdom
16381.0,United Kingdom
16676.0,United Kingdom
15772.0,United Kingdom
15799.0,United Kingdom
14712.0,United Kingdom
17703.0,United Kingdom
12376.0,Switzerland
13516.0,United Kingdom
14741.0,United Kingdom
16069.0,United Kingdom
12699.0,Germany
16996.0,United Kingdom
13387.0,United Kingdom
16141.0,United Kingdom
13079.0,United Kingdom
17026.0,United Kingdom
13088.0,United Kingdom
15710.0,United Kingdom
17655.0,United Kingdom
17219.0,United Kingdom
14524.0,United Kingdom
15011.0,United Kingdom
14585.0,United Kingdom
14332.0,United Kingdom
17967.0,United Kingdom
17397.0,United Kingdom
13134.0,United Kingdom
13840.0,United Kingdom
13981.0,United Kingdom
15608.0,United Kingdom
14617.0,United Kingdom
18066.0,United Kingdom
15377.0,United Kingdom
16201.0,United Kingdom
16776.0,United Kingdom
15501.0,United Kingdom
16916.0,United Kingdom
13703.0,United Kingdom
16642.0,United Kingdom
16903.0,United Kingdom
15647.0,United Kingdom
14612.0,United Kingdom
17038.0,United Kingdom
12387.0,Australia
16590.0,United Kingdom
17924.0,United Kingdom
17483.0,United Kingdom
13195.0,United Kingdom
13836.0,United Kingdom
12400.0,Australia
15995.0,United Kingdom
15257.0,United Kingdom
14148.0,United Kingdom
13936.0,United Kingdom
18243.0,United Kingdom
13166.0,United Kingdom
14216.0,United Kingdom
13581.0,United Kingdom
16540.0,United Kingdom
12899.0,United Kingdom
12973.0,United Kingdom
12419.0,Spain
16226.0,United Kingdom
14945.0,United Kingdom
13746.0,United Kingdom
13106.0,United Kingdom
18055.0,United Kingdom
12787.0,Netherlands
16491.0,United Kingdom
14728.0,United Kingdom
13165.0,United Kingdom
13263.0,United Kingdom
16010.0,United Kingdom
17843.0,United Kingdom
13241.0,United Kingdom
16024.0,United Kingdom
17407.0,United Kingdom
16445.0,United Kingdom
16373.0,United Kingdom
17260.0,United Kingdom
13574.0,United Kingdom
17435.0,United Kingdom
16920.0,United Kingdom
13977.0,United Kingdom
18110.0,United Kingdom
18116.0,United Kingdom
15337.0,United Kingdom
13898.0,United Kingdom
13565.0,United Kingdom
16904.0,United Kingdom
16726.0,United Kingdom
15065.0,United Kingdom
15174.0,United Kingdom
14197.0,United Kingdom
16193.0,United Kingdom
17981.0,United Kingdom
15294.0,United Kingdom
15370.0,United Kingdom
14690.0,United Kingdom
12790.0,Netherlands
15646.0,United Kingdom
14718.0,United Kingdom
16241.0,United Kingdom
17070.0,United Kingdom
17767.0,United Kingdom
12475.0,Germany
12411.0,Australia
16863.0,United Kingdom
14673.0,United Kingdom
16785.0,United Kingdom
13363.0,United Kingdom
15620.0,United Kingdom
16962.0,United Kingdom
14278.0,United Kingdom
16034.0,United Kingdom
13578.0,United Kingdom
13274.0,United Kingdom
12775.0,Netherlands
13906.0,United Kingdom
16757.0,United Kingdom
15773.0,United Kingdom
15536.0,United Kingdom
14271.0,United Kingdom
15390.0,Canada
16639.0,United Kingdom
12537.0,Sweden
12505.0,Italy
14475.0,United Kingdom
12563.0,Italy
12591.0,Italy
16188.0,United Kingdom
16433.0,United Kingdom
12353.0,Bahrain
13547.0,United Kingdom
17000.0,United Kingdom
14281.0,United Kingdom
15328.0,United Kingdom
12766.0,Portugal
15285.0,United Kingdom
16343.0,United Kingdom
16630.0,United Kingdom
16183.0,United Kingdom
13669.0,United Kingdom
16265.0,United Kingdom
14294.0,United Kingdom
14834.0,United Kingdom
16780.0,United Kingdom
13780.0,United Kingdom
17974.0,United Kingdom
16635.0,United Kingdom
15170.0,United Kingdom
17334.0,United Kingdom
17934.0,United Kingdom
17821.0,United Kingdom
13282.0,United Kingdom
13580.0,United Kingdom
,RSA
16058.0,United Kingdom
14213.0,United Kingdom
12608.0,United Kingdom
12601.0,Germany
16724.0,United Kingdom
18278.0,United Kingdom
14848.0,United Kingdom
13833.0,United Kingdom
15675.0,United Kingdom
12347.0,Iceland
17951.0,United Kingdom
14429.0,United Kingdom
17306.0,United Kingdom
16876.0,United Kingdom
14777.0,United Kingdom
15729.0,United Kingdom
18127.0,United Kingdom
12492.0,Germany
13359.0,United Kingdom
13597.0,United Kingdom
14206.0,United Kingdom
17121.0,United Kingdom
13607.0,United Kingdom
13535.0,United Kingdom
13937.0,United Kingdom
13251.0,United Kingdom
13453.0,United Kingdom
12413.0,Spain
16016.0,United Kingdom
13523.0,United Kingdom
14733.0,United Kingdom
17276.0,United Kingdom
13310.0,United Kingdom
17363.0,United Kingdom
12855.0,United Kingdom
13215.0,United Kingdom
15458.0,United Kingdom
13331.0,United Kingdom
12673.0,Germany
15915.0,United Kingdom
16865.0,United Kingdom
15336.0,United Kingdom
12793.0,Portugal
17420.0,United Kingdom
13500.0,United Kingdom
15233.0,United Kingdom
13686.0,United Kingdom
15158.0,United Kingdom
17254.0,United Kingdom
16542.0,United Kingdom
16178.0,United Kingdom
15481.0,Norway
13034.0,United Kingdom
13049.0,United Kingdom
16712.0,United Kingdom
16050.0,United Kingdom
13987.0,United Kingdom
15724.0,United Kingdom
14737.0,United Kingdom
15379.0,United Kingdom
17702.0,United Kingdom
12914.0,United Kingdom
13258.0,United Kingdom
14447.0,United Kingdom
17286.0,United Kingdom
17977.0,United Kingdom
13303.0,United Kingdom
13172.0,United Kingdom
13660.0,United Kingdom
13903.0,United Kingdom
16228.0,United Kingdom
13846.0,United Kingdom
13646.0,United Kingdom
13996.0,United Kingdom
,Unspecified
15560.0,United Kingdom
16640.0,United Kingdom
18083.0,United Kingdom
17033.0,United Kingdom
16931.0,United Kingdom
14203.0,United Kingdom
16559.0,United Kingdom
16899.0,United Kingdom
15996.0,United Kingdom
12892.0,United Kingdom
13138.0,United Kingdom
14927.0,United Kingdom
14193.0,United Kingdom
13967.0,United Kingdom
17084.0,United Kingdom
16420.0,United Kingdom
13738.0,United Kingdom
17548.0,United Kingdom
18098.0,United Kingdom
13691.0,United Kingdom
15635.0,United Kingdom
17274.0,United Kingdom
16223.0,United Kingdom
17208.0,United Kingdom
17467.0,United Kingdom
17983.0,United Kingdom
16740.0,United Kingdom
17878.0,United Kingdom
14170.0,United Kingdom
14899.0,United Kingdom
14077.0,United Kingdom
17374.0,United Kingdom
13721.0,United Kingdom
12927.0,United Kingdom
13671.0,United Kingdom
16358.0,United Kingdom
15131.0,United Kingdom
17756.0,United Kingdom
15001.0,United Kingdom
13096.0,United Kingdom
15529.0,United Kingdom
12739.0,United Arab Emirates
15028.0,United Kingdom
17288.0,United Kingdom
13915.0,United Kingdom
17903.0,United Kingdom
18280.0,United Kingdom
15368.0,United Kingdom
12666.0,Israel
16662.0,United Kingdom
16786.0,United Kingdom
15138.0,United Kingdom
17688.0,United Kingdom
16824.0,United Kingdom
17423.0,United Kingdom
16284.0,United Kingdom
13226.0,United Kingdom
17558.0,United Kingdom
17815.0,United Kingdom
17980.0,United Kingdom
12803.0,Netherlands
18050.0,United Kingdom
14600.0,United Kingdom
18054.0,United Kingdom
15468.0,United Kingdom
12868.0,United Kingdom
12352.0,Norway
18007.0,United Kingdom
17772.0,United Kingdom
14082.0,United Kingdom
13309.0,United Kingdom
17210.0,United Kingdom
12734.0,France
17803.0,United Kingdom
13961.0,United Kingdom
14024.0,United Kingdom
14052.0,United Kingdom
16687.0,United Kingdom
17495.0,United Kingdom
15269.0,United Kingdom
13167.0,United Kingdom
16074.0,United Kingdom
14684.0,United Kingdom
17544.0,United Kingdom
18221.0,United Kingdom
14559.0,United Kingdom
15726.0,United Kingdom
14382.0,United Kingdom
14784.0,United Kingdom
17992.0,United Kingdom
14526.0,United Kingdom
12991.0,United Kingdom
13862.0,United Kingdom
17106.0,United Kingdom
13094.0,United Kingdom
17633.0,United Kingdom
16399.0,United Kingdom
17170.0,United Kingdom
17284.0,United Kingdom
18084.0,United Kingdom
16602.0,United Kingdom
14189.0,United Kingdom
12357.0,Switzerland
12616.0,France
16083.0,United Kingdom
14675.0,United Kingdom
15235.0,United Kingdom
17203.0,United Kingdom
15968.0,United Kingdom
13624.0,United Kingdom
13458.0,United Kingdom
13789.0,United Kingdom
15161.0,United Kingdom
15811.0,United Kingdom
13158.0,United Kingdom
14192.0,United Kingdom
16829.0,United Kingdom
18256.0,United Kingdom
13237.0,United Kingdom
14417.0,United Kingdom
16386.0,United Kingdom
12423.0,Belgium
16006.0,United Kingdom
13549.0,United Kingdom
12847.0,United Kingdom
14811.0,United Kingdom
16224.0,United Kingdom
15515.0,United Kingdom
17418.0,United Kingdom
12890.0,United Kingdom
18195.0,United Kingdom
15649.0,United Kingdom
17995.0,United Kingdom
16250.0,United Kingdom
14405.0,United Kingdom
14446.0,United Kingdom
13864.0,United Kingdom
14614.0,United Kingdom
17355.0,United Kingdom
16973.0,United Kingdom
17659.0,United Kingdom
17089.0,United Kingdom
18160.0,United Kingdom
17868.0,United Kingdom
17532.0,United Kingdom
14932.0,Channel Islands
17269.0,United Kingdom
16936.0,United Kingdom
16599.0,United Kingdom
16885.0,United Kingdom
16535.0,United Kingdom
17433.0,United Kingdom
17386.0,United Kingdom
18035.0,United Kingdom
15846.0,United Kingdom
13124.0,United Kingdom
16346.0,United Kingdom
17648.0,United Kingdom
17493.0,United Kingdom
12967.0,United Kingdom
12887.0,United Kingdom
12728.0,France
12858.0,United Kingdom
15155.0,United Kingdom
16367.0,United Kingdom
17275.0,United Kingdom
16501.0,United Kingdom
12807.0,Sweden
17036.0,United Kingdom
15350.0,United Kingdom
13550.0,United Kingdom
15634.0,United Kingdom
18210.0,United Kingdom
17782.0,United Kingdom
13086.0,United Kingdom
14419.0,United Kingdom
16424.0,United Kingdom
16252.0,United Kingdom
15525.0,United Kingdom
16765.0,United Kingdom
14048.0,United Kingdom
16812.0,United Kingdom
13651.0,United Kingdom
15986.0,United Kingdom
16821.0,United Kingdom
17870.0,United Kingdom
17458.0,United Kingdom
17237.0,United Kingdom
17872.0,United Kingdom
18047.0,United Kingdom
14176.0,United Kingdom
14252.0,United Kingdom
18118.0,United Kingdom
12434.0,Australia
17766.0,United Kingdom
15864.0,United Kingdom
13181.0,United Kingdom
14972.0,United Kingdom
16001.0,United Kingdom
17598.0,United Kingdom
13843.0,United Kingdom
15951.0,United Kingdom
16357.0,United Kingdom
17744.0,United Kingdom
14458.0,United Kingdom
18076.0,United Kingdom
17601.0,United Kingdom
15509.0,United Kingdom
,Portugal
15902.0,United Kingdom
16988.0,United Kingdom
15987.0,United Kingdom
14721.0,United Kingdom
16874.0,United Kingdom
15020.0,United Kingdom
14487.0,United Kingdom
15495.0,United Kingdom
17989.0,United Kingdom
14443.0,United Kingdom
17882.0,United Kingdom
12385.0,Belgium
18161.0,United Kingdom
15961.0,United Kingdom
13626.0,United Kingdom
14627.0,United Kingdom
12961.0,United Kingdom
17556.0,United Kingdom
18031.0,United Kingdom
17283.0,United Kingdom
17516.0,United Kingdom
12538.0,Spain
17999.0,United Kingdom
16262.0,United Kingdom
15914.0,United Kingdom
15212.0,United Kingdom
15037.0,United Kingdom
17607.0,United Kingdom
15583.0,United Kingdom
18003.0,United Kingdom
16893.0,United Kingdom
13254.0,United Kingdom
12996.0,United Kingdom
12767.0,Korea
17722.0,United Kingdom
17723.0,United Kingdom
16545.0,United Kingdom
15404.0,United Kingdom
15540.0,United Kingdom
17671.0,United Kingdom
18034.0,United Kingdom
16413.0,United Kingdom
16194.0,United Kingdom
17912.0,United Kingdom
16355.0,United Kingdom
12351.0,Unspecified
15828.0,United Kingdom
17223.0,United Kingdom
17468.0,United Kingdom
13955.0,United Kingdom
14414.0,United Kingdom
15939.0,United Kingdom
17826.0,United Kingdom
16473.0,United Kingdom
17820.0,United Kingdom
17378.0,United Kingdom
16552.0,United Kingdom
15922.0,United Kingdom
14594.0,United Kingdom
15165.0,United Kingdom
16274.0,United Kingdom
12947.0,United Kingdom
17855.0,United Kingdom
17925.0,United Kingdom
16244.0,United Kingdom
14491.0,United Kingdom
15923.0,United Kingdom
16752.0,United Kingdom
17964.0,United Kingdom
17976.0,United Kingdom
14775.0,United Kingdom
13011.0,United Kingdom
14576.0,United Kingdom
12738.0,Germany
12686.0,France
13370.0,United Kingdom
12427.0,Germany
14589.0,United Kingdom
17787.0,United Kingdom
17198.0,United Kingdom
15545.0,United Kingdom
18156.0,United Kingdom
15880.0,United Kingdom
16402.0,United Kingdom
15894.0,United Kingdom
12763.0,Japan
17674.0,United Kingdom
15899.0,United Kingdom
15919.0,United Kingdom
15048.0,United Kingdom
18113.0,United Kingdom
13030.0,United Kingdom
15018.0,United Kingdom
18119.0,United Kingdom
12386.0,Australia
12441.0,France
18043.0,United Kingdom
18269.0,United Kingdom
13270.0,United Kingdom
12942.0,United Kingdom
13369.0,United Kingdom
15211.0,United Kingdom
